elem_key,theme,resource_path,die_resource_path,trigger_resource_path,interaction_kind,width,height,footprint_w,footprint_h,anchor_mode,visual_layer,logic_type
bomb/elem1_stand,bomb,res://external/assets/maps/elements/bomb/elem1_stand.png,,,floor,40,40,1,1,bottom_right,floor,floor
bomb/elem10_stand,bomb,res://external/assets/maps/elements/bomb/elem10_stand.gif,,,solid,33,49,1,1,bottom_right,surface,solid
bomb/elem2_stand,bomb,res://external/assets/maps/elements/bomb/elem2_stand.png,,,floor,40,40,1,1,bottom_right,floor,floor
bomb/elem5_stand,bomb,res://external/assets/maps/elements/bomb/elem5_stand.png,,,solid,45,43,1,1,bottom_right,surface,solid
bomb/elem6_stand,bomb,res://external/assets/maps/elements/bomb/elem6_stand.png,,,solid,45,43,1,1,bottom_right,surface,solid
box/elem1_stand,box,res://external/assets/maps/elements/box/elem1_stand.png,,,floor,40,40,1,1,bottom_right,floor,floor
box/elem10_stand,box,res://external/assets/maps/elements/box/elem10_stand.gif,,,solid,33,49,1,1,bottom_right,surface,solid
box/elem100_stand,box,res://external/assets/maps/elements/box/elem100_stand.png,res://external/assets/maps/elements/box/elem100_die.gif,,breakable,43,52,1,1,bottom_right,surface,breakable
box/elem101_stand,box,res://external/assets/maps/elements/box/elem101_stand.png,,,floor,40,40,1,1,bottom_right,floor,floor
box/elem102_stand,box,res://external/assets/maps/elements/box/elem102_stand.png,,,floor,40,40,1,1,bottom_right,floor,floor
box/elem103_stand,box,res://external/assets/maps/elements/box/elem103_stand.png,,,solid,43,55,1,1,bottom_right,surface,solid
box/elem104_stand,box,res://external/assets/maps/elements/box/elem104_stand.png,,,solid,43,55,1,1,bottom_right,surface,solid
box/elem105_stand,box,res://external/assets/maps/elements/box/elem105_stand.png,res://external/assets/maps/elements/box/elem105_die.gif,,breakable,43,46,1,1,bottom_right,surface,breakable
box/elem106_stand,box,res://external/assets/maps/elements/box/elem106_stand.png,,res://external/assets/maps/elements/box/elem106_trigger.gif,trigger_solid,43,63,1,1,bottom_right,surface,trigger_solid
box/elem108_stand,box,res://external/assets/maps/elements/box/elem108_stand.png,,,solid,49,58,1,1,bottom_right,surface,solid
box/elem109_stand,box,res://external/assets/maps/elements/box/elem109_stand.png,,,solid,49,58,1,1,bottom_right,surface,solid
box/elem110_stand,box,res://external/assets/maps/elements/box/elem110_stand.png,res://external/assets/maps/elements/box/elem110_die.gif,,breakable,43,56,1,1,bottom_right,surface,breakable
box/elem111_stand,box,res://external/assets/maps/elements/box/elem111_stand.png,res://external/assets/maps/elements/box/elem111_die.gif,,breakable,43,56,1,1,bottom_right,surface,breakable
box/elem112_stand,box,res://external/assets/maps/elements/box/elem112_stand.png,res://external/assets/maps/elements/box/elem112_die.gif,,breakable,43,56,1,1,bottom_right,surface,breakable
box/elem113_stand,box,res://external/assets/maps/elements/box/elem113_stand.png,res://external/assets/maps/elements/box/elem113_die.gif,,breakable,43,56,1,1,bottom_right,surface,breakable
box/elem114_stand,box,res://external/assets/maps/elements/box/elem114_stand.png,res://external/assets/maps/elements/box/elem114_die.gif,,breakable,43,56,1,1,bottom_right,surface,breakable
box/elem115_stand,box,res://external/assets/maps/elements/box/elem115_stand.png,res://external/assets/maps/elements/box/elem115_die.gif,res://external/assets/maps/elements/box/elem115_trigger.gif,breakable,43,53,1,1,bottom_right,surface,breakable
box/elem116_stand,box,res://external/assets/maps/elements/box/elem116_stand.png,,,solid,56,57,1,1,bottom_right,surface,solid
box/elem117_stand,box,res://external/assets/maps/elements/box/elem117_stand.png,,,solid,56,53,1,1,bottom_right,surface,solid
box/elem118_stand,box,res://external/assets/maps/elements/box/elem118_stand.png,,,solid,49,60,1,1,bottom_right,surface,solid
box/elem119_stand,box,res://external/assets/maps/elements/box/elem119_stand.png,,,solid,49,60,1,1,bottom_right,surface,solid
box/elem12_stand,box,res://external/assets/maps/elements/box/elem12_stand.png,,,solid,43,83,1,1,bottom_right,surface,solid
box/elem120_stand,box,res://external/assets/maps/elements/box/elem120_stand.png,res://external/assets/maps/elements/box/elem120_die.gif,,breakable,44,54,1,1,bottom_right,surface,breakable
box/elem121_stand,box,res://external/assets/maps/elements/box/elem121_stand.png,res://external/assets/maps/elements/box/elem121_die.gif,,breakable,44,54,1,1,bottom_right,surface,breakable
box/elem122_stand,box,res://external/assets/maps/elements/box/elem122_stand.png,res://external/assets/maps/elements/box/elem122_die.gif,,breakable,44,54,1,1,bottom_right,surface,breakable
box/elem123_stand,box,res://external/assets/maps/elements/box/elem123_stand.png,,,solid,42,67,1,1,bottom_right,surface,solid
box/elem124_stand,box,res://external/assets/maps/elements/box/elem124_stand.png,,,solid,42,67,1,1,bottom_right,surface,solid
box/elem125_stand,box,res://external/assets/maps/elements/box/elem125_stand.png,,,solid,44,66,1,1,bottom_right,surface,solid
box/elem126_stand,box,res://external/assets/maps/elements/box/elem126_stand.png,res://external/assets/maps/elements/box/elem126_die.gif,,breakable,44,54,1,1,bottom_right,surface,breakable
box/elem127_stand,box,res://external/assets/maps/elements/box/elem127_stand.png,,,floor,40,40,1,1,bottom_right,floor,floor
box/elem15_stand,box,res://external/assets/maps/elements/box/elem15_stand.png,,,floor,40,40,1,1,bottom_right,floor,floor
box/elem16_stand,box,res://external/assets/maps/elements/box/elem16_stand.png,,,floor,40,40,1,1,bottom_right,floor,floor
box/elem17_stand,box,res://external/assets/maps/elements/box/elem17_stand.png,,,floor,40,40,1,1,bottom_right,floor,floor
box/elem2_stand,box,res://external/assets/maps/elements/box/elem2_stand.png,,,floor,40,40,1,1,bottom_right,floor,floor
box/elem22_stand,box,res://external/assets/maps/elements/box/elem22_stand.png,,,solid,44,54,1,1,bottom_right,surface,solid
box/elem23_stand,box,res://external/assets/maps/elements/box/elem23_stand.png,,,solid,43,46,1,1,bottom_right,surface,solid
box/elem24_stand,box,res://external/assets/maps/elements/box/elem24_stand.png,,,solid,43,83,1,1,bottom_right,surface,solid
box/elem25_stand,box,res://external/assets/maps/elements/box/elem25_stand.png,,,solid,44,68,1,1,bottom_right,surface,solid
box/elem26_stand,box,res://external/assets/maps/elements/box/elem26_stand.png,,,solid,44,68,1,1,bottom_right,surface,solid
box/elem27_stand,box,res://external/assets/maps/elements/box/elem27_stand.png,,,solid,44,54,1,1,bottom_right,surface,solid
box/elem28_stand,box,res://external/assets/maps/elements/box/elem28_stand.png,,,solid,40,50,1,1,bottom_right,surface,solid
box/elem29_stand,box,res://external/assets/maps/elements/box/elem29_stand.png,,,solid,44,54,1,1,bottom_right,surface,solid
box/elem3_stand,box,res://external/assets/maps/elements/box/elem3_stand.png,,,floor,40,40,1,1,bottom_right,floor,floor
box/elem30_stand,box,res://external/assets/maps/elements/box/elem30_stand.png,,,solid,44,57,1,1,bottom_right,surface,solid
box/elem31_stand,box,res://external/assets/maps/elements/box/elem31_stand.gif,,,solid,40,61,1,1,bottom_right,surface,solid
box/elem32_stand,box,res://external/assets/maps/elements/box/elem32_stand.png,,,solid,44,68,1,1,bottom_right,surface,solid
box/elem33_stand,box,res://external/assets/maps/elements/box/elem33_stand.png,,,solid,44,57,1,1,bottom_right,surface,solid
box/elem34_stand,box,res://external/assets/maps/elements/box/elem34_stand.png,,,floor,40,40,1,1,bottom_right,floor,floor
box/elem35_stand,box,res://external/assets/maps/elements/box/elem35_stand.png,,,floor,40,40,1,1,bottom_right,floor,floor
box/elem36_stand,box,res://external/assets/maps/elements/box/elem36_stand.png,,,solid,43,53,1,1,bottom_right,surface,solid
box/elem37_stand,box,res://external/assets/maps/elements/box/elem37_stand.png,,,floor,40,40,1,1,bottom_right,floor,floor
box/elem38_stand,box,res://external/assets/maps/elements/box/elem38_stand.png,,,solid,43,53,1,1,bottom_right,surface,solid
box/elem39_stand,box,res://external/assets/maps/elements/box/elem39_stand.png,,,solid,43,53,1,1,bottom_right,surface,solid
box/elem4_stand,box,res://external/assets/maps/elements/box/elem4_stand.png,,,floor,40,40,1,1,bottom_right,floor,floor
box/elem40_stand,box,res://external/assets/maps/elements/box/elem40_stand.png,,,solid,43,53,1,1,bottom_right,surface,solid
box/elem41_stand,box,res://external/assets/maps/elements/box/elem41_stand.png,,,solid,43,59,1,1,bottom_right,surface,solid
box/elem42_stand,box,res://external/assets/maps/elements/box/elem42_stand.png,,,solid,42,52,1,1,bottom_right,surface,solid
box/elem43_stand,box,res://external/assets/maps/elements/box/elem43_stand.png,,,solid,43,53,1,1,bottom_right,surface,solid
box/elem44_stand,box,res://external/assets/maps/elements/box/elem44_stand.png,,,solid,43,53,1,1,bottom_right,surface,solid
box/elem45_stand,box,res://external/assets/maps/elements/box/elem45_stand.png,,,solid,43,54,1,1,bottom_right,surface,solid
box/elem46_stand,box,res://external/assets/maps/elements/box/elem46_stand.png,,,solid,43,54,1,1,bottom_right,surface,solid
box/elem47_stand,box,res://external/assets/maps/elements/box/elem47_stand.png,,,solid,44,54,1,1,bottom_right,surface,solid
box/elem48_stand,box,res://external/assets/maps/elements/box/elem48_stand.png,,,solid,44,54,1,1,bottom_right,surface,solid
box/elem49_stand,box,res://external/assets/maps/elements/box/elem49_stand.png,,,solid,44,54,1,1,bottom_right,surface,solid
box/elem7_stand,box,res://external/assets/maps/elements/box/elem7_stand.png,,,solid,39,63,1,1,bottom_right,surface,solid
bun/elem1_stand,bun,res://external/assets/maps/elements/bun/elem1_stand.png,res://external/assets/maps/elements/bun/elem1_die.gif,,breakable,43,53,1,1,bottom_right,surface,breakable
bun/elem11_stand,bun,res://external/assets/maps/elements/bun/elem11_stand.png,,,floor,40,40,1,1,bottom_right,floor,floor
bun/elem12_stand,bun,res://external/assets/maps/elements/bun/elem12_stand.png,,,solid,42,62,1,1,bottom_right,surface,solid
bun/elem13_stand,bun,res://external/assets/maps/elements/bun/elem13_stand.png,,,floor,40,40,1,1,bottom_right,floor,floor
bun/elem15_stand,bun,res://external/assets/maps/elements/bun/elem15_stand.png,,,floor,40,40,1,1,bottom_right,floor,floor
bun/elem16_stand,bun,res://external/assets/maps/elements/bun/elem16_stand.png,,,floor,40,40,1,1,bottom_right,floor,floor
bun/elem17_stand,bun,res://external/assets/maps/elements/bun/elem17_stand.gif,,,floor,40,40,1,1,bottom_right,floor,floor
bun/elem18_stand,bun,res://external/assets/maps/elements/bun/elem18_stand.gif,,,solid,40,60,1,1,bottom_right,surface,solid
bun/elem19_stand,bun,res://external/assets/maps/elements/bun/elem19_stand.gif,,,solid,40,62,1,1,bottom_right,surface,solid
bun/elem2_stand,bun,res://external/assets/maps/elements/bun/elem2_stand.png,res://external/assets/maps/elements/bun/elem2_die.gif,,breakable,43,53,1,1,bottom_right,surface,breakable
bun/elem21_stand,bun,res://external/assets/maps/elements/bun/elem21_stand.png,,res://external/assets/maps/elements/bun/elem21_trigger.gif,trigger_solid,44,80,1,1,bottom_right,surface,trigger_solid
bun/elem22_stand,bun,res://external/assets/maps/elements/bun/elem22_stand.png,,res://external/assets/maps/elements/bun/elem22_trigger.gif,trigger_solid,44,80,1,1,bottom_right,surface,trigger_solid
bun/elem23_stand,bun,res://external/assets/maps/elements/bun/elem23_stand.png,,res://external/assets/maps/elements/bun/elem23_trigger.gif,trigger_solid,44,48,1,1,bottom_right,surface,trigger_solid
bun/elem3_stand,bun,res://external/assets/maps/elements/bun/elem3_stand.png,res://external/assets/maps/elements/bun/elem3_die.gif,,breakable,43,53,1,1,bottom_right,surface,breakable
bun/elem4_stand,bun,res://external/assets/maps/elements/bun/elem4_stand.png,res://external/assets/maps/elements/bun/elem4_die.gif,,breakable,43,53,1,1,bottom_right,surface,breakable
bun/elem5_stand,bun,res://external/assets/maps/elements/bun/elem5_stand.png,,,solid,42,62,1,1,bottom_right,surface,solid
bun/elem6_stand,bun,res://external/assets/maps/elements/bun/elem6_stand.png,,,solid,42,62,1,1,bottom_right,surface,solid
bun/elem7_stand,bun,res://external/assets/maps/elements/bun/elem7_stand.png,res://external/assets/maps/elements/bun/elem7_die.gif,,breakable,43,59,1,1,bottom_right,surface,breakable
common/elem1_stand,common,res://external/assets/maps/elements/common/elem1_stand.png,,,floor,40,40,1,1,bottom_right,floor,floor
common/elem100_stand,common,res://external/assets/maps/elements/common/elem100_stand.png,res://external/assets/maps/elements/common/elem100_die.gif,,breakable,44,60,1,1,bottom_right,surface,breakable
common/elem101_stand,common,res://external/assets/maps/elements/common/elem101_stand.png,res://external/assets/maps/elements/common/elem101_die.gif,,breakable,44,60,1,1,bottom_right,surface,breakable
common/elem102_stand,common,res://external/assets/maps/elements/common/elem102_stand.png,res://external/assets/maps/elements/common/elem102_die.gif,,breakable,44,60,1,1,bottom_right,surface,breakable
common/elem103_stand,common,res://external/assets/maps/elements/common/elem103_stand.png,res://external/assets/maps/elements/common/elem103_die.gif,,breakable,44,60,1,1,bottom_right,surface,breakable
common/elem104_stand,common,res://external/assets/maps/elements/common/elem104_stand.png,res://external/assets/maps/elements/common/elem104_die.gif,,breakable,45,60,1,1,bottom_right,surface,breakable
common/elem105_stand,common,res://external/assets/maps/elements/common/elem105_stand.png,,,solid,42,40,1,1,bottom_right,surface,solid
common/elem106_stand,common,res://external/assets/maps/elements/common/elem106_stand.png,,,solid,40,43,1,1,bottom_right,surface,solid
common/elem107_stand,common,res://external/assets/maps/elements/common/elem107_stand.png,,,solid,42,43,1,1,bottom_right,surface,solid
common/elem108_stand,common,res://external/assets/maps/elements/common/elem108_stand.png,,,solid,42,43,1,1,bottom_right,surface,solid
common/elem109_stand,common,res://external/assets/maps/elements/common/elem109_stand.png,,,solid,42,40,1,1,bottom_right,surface,solid
common/elem110_stand,common,res://external/assets/maps/elements/common/elem110_stand.png,,,solid,40,43,1,1,bottom_right,surface,solid
common/elem111_stand,common,res://external/assets/maps/elements/common/elem111_stand.png,,,solid,42,40,1,1,bottom_right,surface,solid
common/elem112_stand,common,res://external/assets/maps/elements/common/elem112_stand.png,,,floor,40,40,1,1,bottom_right,floor,floor
common/elem113_stand,common,res://external/assets/maps/elements/common/elem113_stand.png,,,solid,40,43,1,1,bottom_right,surface,solid
common/elem114_stand,common,res://external/assets/maps/elements/common/elem114_stand.png,,,solid,42,43,1,1,bottom_right,surface,solid
common/elem115_stand,common,res://external/assets/maps/elements/common/elem115_stand.png,,,solid,42,43,1,1,bottom_right,surface,solid
common/elem116_stand,common,res://external/assets/maps/elements/common/elem116_stand.png,,,solid,42,40,1,1,bottom_right,surface,solid
common/elem117_stand,common,res://external/assets/maps/elements/common/elem117_stand.png,,,solid,42,39,1,1,bottom_right,surface,solid
common/elem118_stand,common,res://external/assets/maps/elements/common/elem118_stand.png,,,solid,42,39,1,1,bottom_right,surface,solid
common/elem119_stand,common,res://external/assets/maps/elements/common/elem119_stand.png,,,solid,42,39,1,1,bottom_right,surface,solid
common/elem121_stand,common,res://external/assets/maps/elements/common/elem121_stand.png,,,floor,40,40,1,1,bottom_right,floor,floor
common/elem122_stand,common,res://external/assets/maps/elements/common/elem122_stand.png,,,floor,40,40,1,1,bottom_right,floor,floor
common/elem123_stand,common,res://external/assets/maps/elements/common/elem123_stand.png,,,floor,40,40,1,1,bottom_right,floor,floor
common/elem124_stand,common,res://external/assets/maps/elements/common/elem124_stand.png,,,floor,40,40,1,1,bottom_right,floor,floor
common/elem125_stand,common,res://external/assets/maps/elements/common/elem125_stand.png,,,floor,40,40,1,1,bottom_right,floor,floor
common/elem126_stand,common,res://external/assets/maps/elements/common/elem126_stand.png,,,floor,40,40,1,1,bottom_right,floor,floor
common/elem127_stand,common,res://external/assets/maps/elements/common/elem127_stand.png,,,floor,40,40,1,1,bottom_right,floor,floor
common/elem128_stand,common,res://external/assets/maps/elements/common/elem128_stand.png,,,floor,40,40,1,1,bottom_right,floor,floor
common/elem130_stand,common,res://external/assets/maps/elements/common/elem130_stand.gif,,,floor,40,40,1,1,bottom_right,floor,floor
common/elem131_stand,common,res://external/assets/maps/elements/common/elem131_stand.gif,,,floor,40,40,1,1,bottom_right,floor,floor
common/elem132_stand,common,res://external/assets/maps/elements/common/elem132_stand.gif,,,floor,40,40,1,1,bottom_right,floor,floor
common/elem133_stand,common,res://external/assets/maps/elements/common/elem133_stand.gif,,,floor,40,40,1,1,bottom_right,floor,floor
common/elem134_stand,common,res://external/assets/maps/elements/common/elem134_stand.gif,,,solid,41,43,1,1,bottom_right,surface,solid
common/elem135_stand,common,res://external/assets/maps/elements/common/elem135_stand.gif,,,solid,41,43,1,1,bottom_right,surface,solid
common/elem136_stand,common,res://external/assets/maps/elements/common/elem136_stand.gif,,,solid,41,43,1,1,bottom_right,surface,solid
common/elem137_stand,common,res://external/assets/maps/elements/common/elem137_stand.gif,,,solid,41,43,1,1,bottom_right,surface,solid
common/elem18_stand,common,res://external/assets/maps/elements/common/elem18_stand.gif,,,solid,40,60,1,1,bottom_right,surface,solid
common/elem19_stand,common,res://external/assets/maps/elements/common/elem19_stand.gif,,,solid,40,62,1,1,bottom_right,surface,solid
common/elem21_stand,common,res://external/assets/maps/elements/common/elem21_stand.png,,res://external/assets/maps/elements/common/elem21_trigger.gif,trigger_solid,40,68,1,1,bottom_right,surface,trigger_solid
common/elem22_stand,common,res://external/assets/maps/elements/common/elem22_stand.png,,res://external/assets/maps/elements/common/elem22_trigger.gif,trigger_solid,40,68,1,1,bottom_right,surface,trigger_solid
common/elem23_stand,common,res://external/assets/maps/elements/common/elem23_stand.png,,res://external/assets/maps/elements/common/elem23_trigger.gif,trigger_solid,40,68,1,1,bottom_right,surface,trigger_solid
common/elem24_stand,common,res://external/assets/maps/elements/common/elem24_stand.gif,,,solid,44,80,1,1,bottom_right,surface,solid
common/elem26_stand,common,res://external/assets/maps/elements/common/elem26_stand.gif,,,solid,52,52,1,1,bottom_right,surface,solid
common/elem27_stand,common,res://external/assets/maps/elements/common/elem27_stand.gif,,,solid,44,80,1,1,bottom_right,surface,solid
common/elem28_stand,common,res://external/assets/maps/elements/common/elem28_stand.gif,,,solid,44,80,1,1,bottom_right,surface,solid
common/elem29_stand,common,res://external/assets/maps/elements/common/elem29_stand.gif,,,solid,52,52,1,1,bottom_right,surface,solid
common/elem30_stand,common,res://external/assets/maps/elements/common/elem30_stand.gif,,,floor,40,40,1,1,bottom_right,floor,floor
common/elem33_stand,common,res://external/assets/maps/elements/common/elem33_stand.gif,,,floor,40,40,1,1,bottom_right,floor,floor
common/elem34_stand,common,res://external/assets/maps/elements/common/elem34_stand.gif,,,floor,40,40,1,1,bottom_right,floor,floor
common/elem35_stand,common,res://external/assets/maps/elements/common/elem35_stand.gif,,,floor,40,40,1,1,bottom_right,floor,floor
common/elem37_stand,common,res://external/assets/maps/elements/common/elem37_stand.gif,,,floor,40,40,1,1,bottom_right,floor,floor
common/elem38_stand,common,res://external/assets/maps/elements/common/elem38_stand.gif,,,floor,40,40,1,1,bottom_right,floor,floor
common/elem40_stand,common,res://external/assets/maps/elements/common/elem40_stand.png,,,floor,40,40,1,1,bottom_right,floor,floor
common/elem41_stand,common,res://external/assets/maps/elements/common/elem41_stand.gif,,,solid,44,60,1,1,bottom_right,surface,solid
common/elem42_stand,common,res://external/assets/maps/elements/common/elem42_stand.gif,,,solid,44,60,1,1,bottom_right,surface,solid
common/elem43_stand,common,res://external/assets/maps/elements/common/elem43_stand.gif,,,solid,44,60,1,1,bottom_right,surface,solid
common/elem44_stand,common,res://external/assets/maps/elements/common/elem44_stand.gif,,,solid,44,60,1,1,bottom_right,surface,solid
common/elem45_stand,common,res://external/assets/maps/elements/common/elem45_stand.png,,,floor,40,40,1,1,bottom_right,floor,floor
common/elem46_stand,common,res://external/assets/maps/elements/common/elem46_stand.gif,,,solid,40,60,1,1,bottom_right,surface,solid
common/elem47_stand,common,res://external/assets/maps/elements/common/elem47_stand.png,,,solid,40,64,1,1,bottom_right,surface,solid
common/elem48_stand,common,res://external/assets/maps/elements/common/elem48_stand.gif,,,solid,40,60,1,1,bottom_right,surface,solid
common/elem49_stand,common,res://external/assets/maps/elements/common/elem49_stand.gif,,,solid,45,60,1,1,bottom_right,surface,solid
common/elem50_stand,common,res://external/assets/maps/elements/common/elem50_stand.png,,,solid,78,99,1,1,bottom_right,surface,solid
common/elem51_stand,common,res://external/assets/maps/elements/common/elem51_stand.png,,,solid,43,49,1,1,bottom_right,surface,solid
common/elem52_stand,common,res://external/assets/maps/elements/common/elem52_stand.gif,,,solid,40,59,1,1,bottom_right,surface,solid
common/elem53_stand,common,res://external/assets/maps/elements/common/elem53_stand.png,,,solid,40,56,1,1,bottom_right,surface,solid
common/elem54_stand,common,res://external/assets/maps/elements/common/elem54_stand.gif,,,solid,48,77,1,1,bottom_right,surface,solid
common/elem55_stand,common,res://external/assets/maps/elements/common/elem55_stand.png,,,solid,51,52,1,1,bottom_right,surface,solid
common/elem56_stand,common,res://external/assets/maps/elements/common/elem56_stand.png,,,solid,29,34,1,1,bottom_right,surface,solid
common/elem57_stand,common,res://external/assets/maps/elements/common/elem57_stand.png,,,solid,40,55,1,1,bottom_right,surface,solid
common/elem60_stand,common,res://external/assets/maps/elements/common/elem60_stand.png,,,solid,43,51,1,1,bottom_right,surface,solid
common/elem62_stand,common,res://external/assets/maps/elements/common/elem62_stand.png,,,solid,41,75,1,1,bottom_right,surface,solid
common/elem64_stand,common,res://external/assets/maps/elements/common/elem64_stand.png,,,solid,40,60,1,1,bottom_right,surface,solid
common/elem65_stand,common,res://external/assets/maps/elements/common/elem65_stand.png,,,solid,86,83,1,1,bottom_right,surface,solid
common/elem66_stand,common,res://external/assets/maps/elements/common/elem66_stand.png,,,solid,72,77,1,1,bottom_right,surface,solid
common/elem67_stand,common,res://external/assets/maps/elements/common/elem67_stand.png,,,solid,10,64,1,1,bottom_right,surface,solid
common/elem68_stand,common,res://external/assets/maps/elements/common/elem68_stand.png,,,solid,65,53,1,1,bottom_right,surface,solid
common/elem69_stand,common,res://external/assets/maps/elements/common/elem69_stand.png,,,solid,51,79,1,1,bottom_right,surface,solid
common/elem70_stand,common,res://external/assets/maps/elements/common/elem70_stand.png,,,solid,51,79,1,1,bottom_right,surface,solid
common/elem73_stand,common,res://external/assets/maps/elements/common/elem73_stand.png,,,solid,40,60,1,1,bottom_right,surface,solid
common/elem74_stand,common,res://external/assets/maps/elements/common/elem74_stand.png,,,solid,54,32,1,1,bottom_right,surface,solid
common/elem75_stand,common,res://external/assets/maps/elements/common/elem75_stand.png,,,solid,41,40,1,1,bottom_right,surface,solid
common/elem76_stand,common,res://external/assets/maps/elements/common/elem76_stand.png,,,solid,84,56,1,1,bottom_right,surface,solid
common/elem77_stand,common,res://external/assets/maps/elements/common/elem77_stand.gif,,,solid,40,59,1,1,bottom_right,surface,solid
common/elem78_stand,common,res://external/assets/maps/elements/common/elem78_stand.png,,,solid,10,64,1,1,bottom_right,surface,solid
common/elem79_stand,common,res://external/assets/maps/elements/common/elem79_stand.png,,,solid,10,64,1,1,bottom_right,surface,solid
common/elem80_stand,common,res://external/assets/maps/elements/common/elem80_stand.png,,,solid,54,32,1,1,bottom_right,surface,solid
common/elem81_stand,common,res://external/assets/maps/elements/common/elem81_stand.png,,,solid,54,32,1,1,bottom_right,surface,solid
desert/elem1_stand,desert,res://external/assets/maps/elements/desert/elem1_stand.png,,,floor,40,40,1,1,bottom_right,floor,floor
desert/elem10_stand,desert,res://external/assets/maps/elements/desert/elem10_stand.png,,res://external/assets/maps/elements/desert/elem10_trigger.gif,trigger_solid,44,68,1,1,bottom_right,surface,trigger_solid
desert/elem106_stand,desert,res://external/assets/maps/elements/desert/elem106_stand.png,,,solid,40,80,1,1,bottom_right,surface,solid
desert/elem108_stand,desert,res://external/assets/maps/elements/desert/elem108_stand.png,,,solid,80,80,1,1,bottom_right,surface,solid
desert/elem11_stand,desert,res://external/assets/maps/elements/desert/elem11_stand.png,,,solid,44,70,1,1,bottom_right,surface,solid
desert/elem113_stand,desert,res://external/assets/maps/elements/desert/elem113_stand.png,,,floor,40,40,1,1,bottom_right,floor,floor
desert/elem116_stand,desert,res://external/assets/maps/elements/desert/elem116_stand.png,,,floor,40,40,1,1,bottom_right,floor,floor
desert/elem117_stand,desert,res://external/assets/maps/elements/desert/elem117_stand.png,,,solid,80,40,1,1,bottom_right,surface,solid
desert/elem118_stand,desert,res://external/assets/maps/elements/desert/elem118_stand.png,,,solid,80,40,1,1,bottom_right,surface,solid
desert/elem12_stand,desert,res://external/assets/maps/elements/desert/elem12_stand.png,,,floor,40,40,1,1,bottom_right,floor,floor
desert/elem129_stand,desert,res://external/assets/maps/elements/desert/elem129_stand.png,,,solid,40,80,1,1,bottom_right,surface,solid
desert/elem131_stand,desert,res://external/assets/maps/elements/desert/elem131_stand.png,,,solid,80,80,1,1,bottom_right,surface,solid
desert/elem133_stand,desert,res://external/assets/maps/elements/desert/elem133_stand.png,,,solid,80,80,1,1,bottom_right,surface,solid
desert/elem138_stand,desert,res://external/assets/maps/elements/desert/elem138_stand.png,,,floor,40,40,1,1,bottom_right,floor,floor
desert/elem140_stand,desert,res://external/assets/maps/elements/desert/elem140_stand.png,,,solid,40,80,1,1,bottom_right,surface,solid
desert/elem142_stand,desert,res://external/assets/maps/elements/desert/elem142_stand.png,,,floor,40,40,1,1,bottom_right,floor,floor
desert/elem2_stand,desert,res://external/assets/maps/elements/desert/elem2_stand.png,res://external/assets/maps/elements/desert/elem2_die.gif,,breakable,44,54,1,1,bottom_right,surface,breakable
desert/elem3_stand,desert,res://external/assets/maps/elements/desert/elem3_stand.png,res://external/assets/maps/elements/desert/elem3_die.gif,,breakable,44,54,1,1,bottom_right,surface,breakable
desert/elem4_stand,desert,res://external/assets/maps/elements/desert/elem4_stand.png,,,solid,44,53,1,1,bottom_right,surface,solid
desert/elem5_stand,desert,res://external/assets/maps/elements/desert/elem5_stand.png,,,solid,43,58,1,1,bottom_right,surface,solid
desert/elem6_stand,desert,res://external/assets/maps/elements/desert/elem6_stand.png,res://external/assets/maps/elements/desert/elem6_die.gif,,breakable,43,63,1,1,bottom_right,surface,breakable
desert/elem8_stand,desert,res://external/assets/maps/elements/desert/elem8_stand.png,,res://external/assets/maps/elements/desert/elem8_trigger.gif,trigger_solid,44,68,1,1,bottom_right,surface,trigger_solid
desert/elem9_stand,desert,res://external/assets/maps/elements/desert/elem9_stand.png,,,solid,43,58,1,1,bottom_right,surface,solid
exploration/elem1_stand,exploration,res://external/assets/maps/elements/exploration/elem1_stand.gif,,,solid,85,85,1,1,bottom_right,surface,solid
exploration/elem10_stand,exploration,res://external/assets/maps/elements/exploration/elem10_stand.png,,,floor,40,40,1,1,bottom_right,floor,floor
exploration/elem101_stand,exploration,res://external/assets/maps/elements/exploration/elem101_stand.png,,,floor,40,40,1,1,bottom_right,floor,floor
exploration/elem102_stand,exploration,res://external/assets/maps/elements/exploration/elem102_stand.png,res://external/assets/maps/elements/exploration/elem102_die.gif,,breakable,46,57,1,1,bottom_right,surface,breakable
exploration/elem103_stand,exploration,res://external/assets/maps/elements/exploration/elem103_stand.png,res://external/assets/maps/elements/exploration/elem103_die.gif,,breakable,46,57,1,1,bottom_right,surface,breakable
exploration/elem104_stand,exploration,res://external/assets/maps/elements/exploration/elem104_stand.png,,res://external/assets/maps/elements/exploration/elem104_trigger.gif,trigger_solid,46,57,1,1,bottom_right,surface,trigger_solid
exploration/elem105_stand,exploration,res://external/assets/maps/elements/exploration/elem105_stand.png,,,solid,46,57,1,1,bottom_right,surface,solid
exploration/elem106_stand,exploration,res://external/assets/maps/elements/exploration/elem106_stand.png,res://external/assets/maps/elements/exploration/elem106_die.gif,,breakable,46,57,1,1,bottom_right,surface,breakable
exploration/elem107_stand,exploration,res://external/assets/maps/elements/exploration/elem107_stand.png,,,solid,54,65,1,1,bottom_right,surface,solid
exploration/elem108_stand,exploration,res://external/assets/maps/elements/exploration/elem108_stand.png,res://external/assets/maps/elements/exploration/elem108_die.gif,,breakable,46,57,1,1,bottom_right,surface,breakable
exploration/elem109_stand,exploration,res://external/assets/maps/elements/exploration/elem109_stand.png,res://external/assets/maps/elements/exploration/elem109_die.gif,,breakable,46,57,1,1,bottom_right,surface,breakable
exploration/elem11_stand,exploration,res://external/assets/maps/elements/exploration/elem11_stand.png,,,solid,54,52,1,1,bottom_right,surface,solid
exploration/elem110_stand,exploration,res://external/assets/maps/elements/exploration/elem110_stand.png,,,solid,54,65,1,1,bottom_right,surface,solid
exploration/elem112_stand,exploration,res://external/assets/maps/elements/exploration/elem112_stand.png,,res://external/assets/maps/elements/exploration/elem112_trigger.gif,trigger_solid,46,57,1,1,bottom_right,surface,trigger_solid
exploration/elem113_stand,exploration,res://external/assets/maps/elements/exploration/elem113_stand.png,,,solid,46,57,1,1,bottom_right,surface,solid
exploration/elem114_stand,exploration,res://external/assets/maps/elements/exploration/elem114_stand.png,,res://external/assets/maps/elements/exploration/elem114_trigger.gif,trigger_solid,47,68,1,1,bottom_right,surface,trigger_solid
exploration/elem115_stand,exploration,res://external/assets/maps/elements/exploration/elem115_stand.png,,,floor,40,40,1,1,bottom_right,floor,floor
exploration/elem116_stand,exploration,res://external/assets/maps/elements/exploration/elem116_stand.png,res://external/assets/maps/elements/exploration/elem116_die.gif,,breakable,44,56,1,1,bottom_right,surface,breakable
exploration/elem117_stand,exploration,res://external/assets/maps/elements/exploration/elem117_stand.png,,,floor,40,40,1,1,bottom_right,floor,floor
exploration/elem118_stand,exploration,res://external/assets/maps/elements/exploration/elem118_stand.png,,,floor,40,40,1,1,bottom_right,floor,floor
exploration/elem119_stand,exploration,res://external/assets/maps/elements/exploration/elem119_stand.png,,,floor,40,40,1,1,bottom_right,floor,floor
exploration/elem12_stand,exploration,res://external/assets/maps/elements/exploration/elem12_stand.png,,,solid,88,92,1,1,bottom_right,surface,solid
exploration/elem120_stand,exploration,res://external/assets/maps/elements/exploration/elem120_stand.png,,,floor,40,40,1,1,bottom_right,floor,floor
exploration/elem121_stand,exploration,res://external/assets/maps/elements/exploration/elem121_stand.png,,,floor,40,40,1,1,bottom_right,floor,floor
exploration/elem122_stand,exploration,res://external/assets/maps/elements/exploration/elem122_stand.png,,,floor,40,40,1,1,bottom_right,floor,floor
exploration/elem16_stand,exploration,res://external/assets/maps/elements/exploration/elem16_stand.png,,,solid,45,45,1,1,bottom_right,surface,solid
exploration/elem19_stand,exploration,res://external/assets/maps/elements/exploration/elem19_stand.png,,,solid,85,85,1,1,bottom_right,surface,solid
exploration/elem2_stand,exploration,res://external/assets/maps/elements/exploration/elem2_stand.gif,,,solid,45,45,1,1,bottom_right,surface,solid
exploration/elem20_stand,exploration,res://external/assets/maps/elements/exploration/elem20_stand.png,,,solid,60,50,1,1,bottom_right,surface,solid
exploration/elem202_stand,exploration,res://external/assets/maps/elements/exploration/elem202_stand.png,,,solid,47,81,1,1,bottom_right,surface,solid
exploration/elem204_stand,exploration,res://external/assets/maps/elements/exploration/elem204_stand.png,,,solid,90,84,1,1,bottom_right,surface,solid
exploration/elem205_stand,exploration,res://external/assets/maps/elements/exploration/elem205_stand.png,,,solid,50,59,1,1,bottom_right,surface,solid
exploration/elem206_stand,exploration,res://external/assets/maps/elements/exploration/elem206_stand.png,,,solid,90,81,1,1,bottom_right,surface,solid
exploration/elem207_stand,exploration,res://external/assets/maps/elements/exploration/elem207_stand.png,,,solid,90,81,1,1,bottom_right,surface,solid
exploration/elem208_stand,exploration,res://external/assets/maps/elements/exploration/elem208_stand.png,,,solid,56,55,1,1,bottom_right,surface,solid
exploration/elem209_stand,exploration,res://external/assets/maps/elements/exploration/elem209_stand.png,,,solid,68,52,1,1,bottom_right,surface,solid
exploration/elem210_stand,exploration,res://external/assets/maps/elements/exploration/elem210_stand.png,,,solid,55,52,1,1,bottom_right,surface,solid
exploration/elem212_stand,exploration,res://external/assets/maps/elements/exploration/elem212_stand.png,,,solid,40,71,1,1,bottom_right,surface,solid
exploration/elem213_stand,exploration,res://external/assets/maps/elements/exploration/elem213_stand.png,,,solid,53,63,1,1,bottom_right,surface,solid
exploration/elem216_stand,exploration,res://external/assets/maps/elements/exploration/elem216_stand.png,,,solid,40,57,1,1,bottom_right,surface,solid
exploration/elem217_stand,exploration,res://external/assets/maps/elements/exploration/elem217_stand.png,,,floor,40,40,1,1,bottom_right,floor,floor
exploration/elem218_stand,exploration,res://external/assets/maps/elements/exploration/elem218_stand.png,,,solid,40,41,1,1,bottom_right,surface,solid
exploration/elem219_stand,exploration,res://external/assets/maps/elements/exploration/elem219_stand.png,,,floor,40,40,1,1,bottom_right,floor,floor
exploration/elem220_stand,exploration,res://external/assets/maps/elements/exploration/elem220_stand.png,,,floor,40,40,1,1,bottom_right,floor,floor
exploration/elem221_stand,exploration,res://external/assets/maps/elements/exploration/elem221_stand.png,,,floor,40,40,1,1,bottom_right,floor,floor
exploration/elem222_stand,exploration,res://external/assets/maps/elements/exploration/elem222_stand.png,,,solid,40,57,1,1,bottom_right,surface,solid
exploration/elem223_stand,exploration,res://external/assets/maps/elements/exploration/elem223_stand.png,,,solid,42,49,1,1,bottom_right,surface,solid
exploration/elem224_stand,exploration,res://external/assets/maps/elements/exploration/elem224_stand.png,,,solid,42,49,1,1,bottom_right,surface,solid
exploration/elem225_stand,exploration,res://external/assets/maps/elements/exploration/elem225_stand.png,,,solid,42,49,1,1,bottom_right,surface,solid
exploration/elem226_stand,exploration,res://external/assets/maps/elements/exploration/elem226_stand.png,,,solid,42,49,1,1,bottom_right,surface,solid
exploration/elem227_stand,exploration,res://external/assets/maps/elements/exploration/elem227_stand.png,,,solid,42,51,1,1,bottom_right,surface,solid
exploration/elem25_stand,exploration,res://external/assets/maps/elements/exploration/elem25_stand.png,,,solid,44,56,1,1,bottom_right,surface,solid
exploration/elem26_stand,exploration,res://external/assets/maps/elements/exploration/elem26_stand.png,,,floor,40,40,1,1,bottom_right,floor,floor
exploration/elem27_stand,exploration,res://external/assets/maps/elements/exploration/elem27_stand.png,,,floor,40,40,1,1,bottom_right,floor,floor
exploration/elem28_stand,exploration,res://external/assets/maps/elements/exploration/elem28_stand.png,,,floor,40,40,1,1,bottom_right,floor,floor
exploration/elem29_stand,exploration,res://external/assets/maps/elements/exploration/elem29_stand.png,,,floor,40,40,1,1,bottom_right,floor,floor
exploration/elem30_stand,exploration,res://external/assets/maps/elements/exploration/elem30_stand.png,,,floor,40,40,1,1,bottom_right,floor,floor
exploration/elem31_stand,exploration,res://external/assets/maps/elements/exploration/elem31_stand.png,,,floor,40,40,1,1,bottom_right,floor,floor
exploration/elem32_stand,exploration,res://external/assets/maps/elements/exploration/elem32_stand.png,,,floor,40,40,1,1,bottom_right,floor,floor
exploration/elem33_stand,exploration,res://external/assets/maps/elements/exploration/elem33_stand.png,,,floor,40,40,1,1,bottom_right,floor,floor
exploration/elem34_stand,exploration,res://external/assets/maps/elements/exploration/elem34_stand.png,,,floor,40,40,1,1,bottom_right,floor,floor
exploration/elem35_stand,exploration,res://external/assets/maps/elements/exploration/elem35_stand.png,,,floor,40,40,1,1,bottom_right,floor,floor
exploration/elem36_stand,exploration,res://external/assets/maps/elements/exploration/elem36_stand.png,,,floor,40,40,1,1,bottom_right,floor,floor
exploration/elem37_stand,exploration,res://external/assets/maps/elements/exploration/elem37_stand.png,,,floor,40,40,1,1,bottom_right,floor,floor
exploration/elem38_stand,exploration,res://external/assets/maps/elements/exploration/elem38_stand.png,,,floor,40,40,1,1,bottom_right,floor,floor
exploration/elem5_stand,exploration,res://external/assets/maps/elements/exploration/elem5_stand.gif,,,solid,60,50,1,1,bottom_right,surface,solid
field/elem1_stand,field,res://external/assets/maps/elements/field/elem1_stand.png,,,floor,40,40,1,1,bottom_right,floor,floor
field/elem10_stand,field,res://external/assets/maps/elements/field/elem10_stand.png,,,solid,51,63,1,1,bottom_right,surface,solid
field/elem12_stand,field,res://external/assets/maps/elements/field/elem12_stand.png,res://external/assets/maps/elements/field/elem12_die.gif,,breakable,42,52,1,1,bottom_right,surface,breakable
field/elem13_stand,field,res://external/assets/maps/elements/field/elem13_stand.png,,,solid,44,68,1,1,bottom_right,surface,solid
field/elem14_stand,field,res://external/assets/maps/elements/field/elem14_stand.png,,,solid,44,68,1,1,bottom_right,surface,solid
field/elem15_stand,field,res://external/assets/maps/elements/field/elem15_stand.png,,,solid,44,68,1,1,bottom_right,surface,solid
field/elem16_stand,field,res://external/assets/maps/elements/field/elem16_stand.png,,,solid,40,50,1,1,bottom_right,surface,solid
field/elem17_stand,field,res://external/assets/maps/elements/field/elem17_stand.png,,,floor,40,40,1,1,bottom_right,floor,floor
field/elem18_stand,field,res://external/assets/maps/elements/field/elem18_stand.png,,,floor,40,40,1,1,bottom_right,floor,floor
field/elem19_stand,field,res://external/assets/maps/elements/field/elem19_stand.png,,,floor,40,40,1,1,bottom_right,floor,floor
field/elem2_stand,field,res://external/assets/maps/elements/field/elem2_stand.png,res://external/assets/maps/elements/field/elem2_die.gif,,breakable,44,57,1,1,bottom_right,surface,breakable
field/elem20_stand,field,res://external/assets/maps/elements/field/elem20_stand.png,,,floor,40,40,1,1,bottom_right,floor,floor
field/elem21_stand,field,res://external/assets/maps/elements/field/elem21_stand.png,,,floor,40,40,1,1,bottom_right,floor,floor
field/elem22_stand,field,res://external/assets/maps/elements/field/elem22_stand.png,,,floor,40,40,1,1,bottom_right,floor,floor
field/elem23_stand,field,res://external/assets/maps/elements/field/elem23_stand.png,,,floor,40,40,1,1,bottom_right,floor,floor
field/elem24_stand,field,res://external/assets/maps/elements/field/elem24_stand.png,,,floor,40,40,1,1,bottom_right,floor,floor
field/elem25_stand,field,res://external/assets/maps/elements/field/elem25_stand.png,,,solid,51,63,1,1,bottom_right,surface,solid
field/elem3_stand,field,res://external/assets/maps/elements/field/elem3_stand.png,res://external/assets/maps/elements/field/elem3_die.gif,res://external/assets/maps/elements/field/elem3_trigger.gif,breakable,44,52,1,1,bottom_right,surface,breakable
field/elem4_stand,field,res://external/assets/maps/elements/field/elem4_stand.png,res://external/assets/maps/elements/field/elem4_die.gif,,breakable,44,56,1,1,bottom_right,surface,breakable
field/elem5_stand,field,res://external/assets/maps/elements/field/elem5_stand.png,res://external/assets/maps/elements/field/elem5_die.gif,,breakable,44,57,1,1,bottom_right,surface,breakable
field/elem6_stand,field,res://external/assets/maps/elements/field/elem6_stand.png,res://external/assets/maps/elements/field/elem6_die.gif,,breakable,39,52,1,1,bottom_right,surface,breakable
field/elem7_stand,field,res://external/assets/maps/elements/field/elem7_stand.png,,,solid,44,56,1,1,bottom_right,surface,solid
field/elem8_stand,field,res://external/assets/maps/elements/field/elem8_stand.png,res://external/assets/maps/elements/field/elem8_die.gif,,breakable,51,63,1,1,bottom_right,surface,breakable
field/elem9_stand,field,res://external/assets/maps/elements/field/elem9_stand.png,,,solid,45,55,1,1,bottom_right,surface,solid
machine/elem1_stand,machine,res://external/assets/maps/elements/machine/elem1_stand.png,,,floor,40,40,1,1,bottom_right,floor,floor
machine/elem10_stand,machine,res://external/assets/maps/elements/machine/elem10_stand.png,res://external/assets/maps/elements/machine/elem10_die.gif,,breakable,44,54,1,1,bottom_right,surface,breakable
machine/elem11_stand,machine,res://external/assets/maps/elements/machine/elem11_stand.png,,,solid,44,54,1,1,bottom_right,surface,solid
machine/elem12_stand,machine,res://external/assets/maps/elements/machine/elem12_stand.png,,,solid,86,60,1,1,bottom_right,surface,solid
machine/elem13_stand,machine,res://external/assets/maps/elements/machine/elem13_stand.png,,,solid,44,55,1,1,bottom_right,surface,solid
machine/elem14_stand,machine,res://external/assets/maps/elements/machine/elem14_stand.png,,,solid,44,75,1,1,bottom_right,surface,solid
machine/elem15_stand,machine,res://external/assets/maps/elements/machine/elem15_stand.png,,,floor,40,40,1,1,bottom_right,floor,floor
machine/elem16_stand,machine,res://external/assets/maps/elements/machine/elem16_stand.png,,,solid,90,96,1,1,bottom_right,surface,solid
machine/elem17_stand,machine,res://external/assets/maps/elements/machine/elem17_stand.png,,,solid,90,96,1,1,bottom_right,surface,solid
machine/elem2_stand,machine,res://external/assets/maps/elements/machine/elem2_stand.png,,,floor,40,40,1,1,bottom_right,floor,floor
machine/elem22_stand,machine,res://external/assets/maps/elements/machine/elem22_stand.png,,,solid,44,54,1,1,bottom_right,surface,solid
machine/elem23_stand,machine,res://external/assets/maps/elements/machine/elem23_stand.png,,,solid,43,46,1,1,bottom_right,surface,solid
machine/elem24_stand,machine,res://external/assets/maps/elements/machine/elem24_stand.png,,,solid,43,83,1,1,bottom_right,surface,solid
machine/elem25_stand,machine,res://external/assets/maps/elements/machine/elem25_stand.png,,,solid,44,68,1,1,bottom_right,surface,solid
machine/elem26_stand,machine,res://external/assets/maps/elements/machine/elem26_stand.png,,,solid,44,68,1,1,bottom_right,surface,solid
machine/elem27_stand,machine,res://external/assets/maps/elements/machine/elem27_stand.png,,,solid,44,54,1,1,bottom_right,surface,solid
machine/elem28_stand,machine,res://external/assets/maps/elements/machine/elem28_stand.png,,,solid,40,50,1,1,bottom_right,surface,solid
machine/elem29_stand,machine,res://external/assets/maps/elements/machine/elem29_stand.png,,,solid,44,54,1,1,bottom_right,surface,solid
machine/elem3_stand,machine,res://external/assets/maps/elements/machine/elem3_stand.png,,,floor,40,40,1,1,bottom_right,floor,floor
machine/elem30_stand,machine,res://external/assets/maps/elements/machine/elem30_stand.png,,,solid,44,57,1,1,bottom_right,surface,solid
machine/elem31_stand,machine,res://external/assets/maps/elements/machine/elem31_stand.gif,,,solid,40,61,1,1,bottom_right,surface,solid
machine/elem32_stand,machine,res://external/assets/maps/elements/machine/elem32_stand.png,,,solid,44,68,1,1,bottom_right,surface,solid
machine/elem34_stand,machine,res://external/assets/maps/elements/machine/elem34_stand.png,,,solid,40,80,1,1,bottom_right,surface,solid
machine/elem35_stand,machine,res://external/assets/maps/elements/machine/elem35_stand.png,,,solid,80,93,1,1,bottom_right,surface,solid
machine/elem36_stand,machine,res://external/assets/maps/elements/machine/elem36_stand.png,,,solid,80,86,1,1,bottom_right,surface,solid
machine/elem37_stand,machine,res://external/assets/maps/elements/machine/elem37_stand.png,,,solid,80,86,1,1,bottom_right,surface,solid
machine/elem38_stand,machine,res://external/assets/maps/elements/machine/elem38_stand.png,,,solid,80,86,1,1,bottom_right,surface,solid
machine/elem39_stand,machine,res://external/assets/maps/elements/machine/elem39_stand.png,,,solid,80,86,1,1,bottom_right,surface,solid
machine/elem4_stand,machine,res://external/assets/maps/elements/machine/elem4_stand.png,,,floor,40,40,1,1,bottom_right,floor,floor
machine/elem40_stand,machine,res://external/assets/maps/elements/machine/elem40_stand.png,,,solid,80,86,1,1,bottom_right,surface,solid
machine/elem41__stand,machine,res://external/assets/maps/elements/machine/elem41__stand.png,,,solid,80,87,1,1,bottom_right,surface,solid
machine/elem47_stand,machine,res://external/assets/maps/elements/machine/elem47_stand.png,,,floor,40,40,1,1,bottom_right,floor,floor
machine/elem48_stand,machine,res://external/assets/maps/elements/machine/elem48_stand.png,,,floor,40,40,1,1,bottom_right,floor,floor
machine/elem49_stand,machine,res://external/assets/maps/elements/machine/elem49_stand.png,,,floor,40,40,1,1,bottom_right,floor,floor
machine/elem5_stand,machine,res://external/assets/maps/elements/machine/elem5_stand.png,,,floor,40,40,1,1,bottom_right,floor,floor
machine/elem50_stand,machine,res://external/assets/maps/elements/machine/elem50_stand.png,,,floor,40,40,1,1,bottom_right,floor,floor
machine/elem51_stand,machine,res://external/assets/maps/elements/machine/elem51_stand.png,,,floor,40,40,1,1,bottom_right,floor,floor
machine/elem52_stand,machine,res://external/assets/maps/elements/machine/elem52_stand.png,,,floor,40,40,1,1,bottom_right,floor,floor
machine/elem53_stand,machine,res://external/assets/maps/elements/machine/elem53_stand.png,,,floor,40,40,1,1,bottom_right,floor,floor
machine/elem56_stand,machine,res://external/assets/maps/elements/machine/elem56_stand.png,,,solid,83,80,1,1,bottom_right,surface,solid
machine/elem57_stand,machine,res://external/assets/maps/elements/machine/elem57_stand.png,,,solid,49,58,1,1,bottom_right,surface,solid
machine/elem58_stand,machine,res://external/assets/maps/elements/machine/elem58_stand.png,,,solid,49,58,1,1,bottom_right,surface,solid
machine/elem6_stand,machine,res://external/assets/maps/elements/machine/elem6_stand.png,,,floor,40,40,1,1,bottom_right,floor,floor
machine/elem60_stand,machine,res://external/assets/maps/elements/machine/elem60_stand.png,,,solid,80,80,1,1,bottom_right,surface,solid
machine/elem61_stand,machine,res://external/assets/maps/elements/machine/elem61_stand.png,,,solid,80,80,1,1,bottom_right,surface,solid
machine/elem62_stand,machine,res://external/assets/maps/elements/machine/elem62_stand.png,,,solid,80,80,1,1,bottom_right,surface,solid
machine/elem63_stand,machine,res://external/assets/maps/elements/machine/elem63_stand.png,,,solid,40,60,1,1,bottom_right,surface,solid
machine/elem64_stand,machine,res://external/assets/maps/elements/machine/elem64_stand.png,res://external/assets/maps/elements/machine/elem64_die.gif,,breakable,66,73,1,1,bottom_right,surface,breakable
machine/elem65_stand,machine,res://external/assets/maps/elements/machine/elem65_stand.png,res://external/assets/maps/elements/machine/elem65_die.gif,,breakable,66,73,1,1,bottom_right,surface,breakable
machine/elem66_stand,machine,res://external/assets/maps/elements/machine/elem66_stand.png,res://external/assets/maps/elements/machine/elem66_die.gif,,breakable,66,73,1,1,bottom_right,surface,breakable
machine/elem67_stand,machine,res://external/assets/maps/elements/machine/elem67_stand.png,res://external/assets/maps/elements/machine/elem67_die.gif,,breakable,66,73,1,1,bottom_right,surface,breakable
machine/elem68_stand,machine,res://external/assets/maps/elements/machine/elem68_stand.png,res://external/assets/maps/elements/machine/elem68_die.gif,,breakable,66,73,1,1,bottom_right,surface,breakable
machine/elem69_stand,machine,res://external/assets/maps/elements/machine/elem69_stand.png,res://external/assets/maps/elements/machine/elem69_die.gif,,breakable,66,73,1,1,bottom_right,surface,breakable
machine/elem7_stand,machine,res://external/assets/maps/elements/machine/elem7_stand.png,,,solid,44,54,1,1,bottom_right,surface,solid
machine/elem70_stand,machine,res://external/assets/maps/elements/machine/elem70_stand.png,,,solid,42,56,1,1,bottom_right,surface,solid
machine/elem71_stand,machine,res://external/assets/maps/elements/machine/elem71_stand.png,,,solid,52,68,1,1,bottom_right,surface,solid
machine/elem72_stand,machine,res://external/assets/maps/elements/machine/elem72_stand.png,,,solid,52,68,1,1,bottom_right,surface,solid
machine/elem73_stand,machine,res://external/assets/maps/elements/machine/elem73_stand.png,,,solid,52,68,1,1,bottom_right,surface,solid
machine/elem74_stand,machine,res://external/assets/maps/elements/machine/elem74_stand.png,,,solid,52,68,1,1,bottom_right,surface,solid
machine/elem75_stand,machine,res://external/assets/maps/elements/machine/elem75_stand.png,,,solid,58,71,1,1,bottom_right,surface,solid
machine/elem76_stand,machine,res://external/assets/maps/elements/machine/elem76_stand.png,,,solid,80,86,1,1,bottom_right,surface,solid
machine/elem77_stand,machine,res://external/assets/maps/elements/machine/elem77_stand.png,,,solid,80,86,1,1,bottom_right,surface,solid
machine/elem78_stand,machine,res://external/assets/maps/elements/machine/elem78_stand.png,,,floor,40,40,1,1,bottom_right,floor,floor
machine/elem8_stand,machine,res://external/assets/maps/elements/machine/elem8_stand.png,res://external/assets/maps/elements/machine/elem8_die.gif,,breakable,44,54,1,1,bottom_right,surface,breakable
machine/elem9_stand,machine,res://external/assets/maps/elements/machine/elem9_stand.png,res://external/assets/maps/elements/machine/elem9_die.gif,,breakable,44,54,1,1,bottom_right,surface,breakable
match/elem2_stand,match,res://external/assets/maps/elements/match/elem2_stand.png,res://external/assets/maps/elements/match/elem2_die.gif,,breakable,44,54,1,1,bottom_right,surface,breakable
match/elem3_stand,match,res://external/assets/maps/elements/match/elem3_stand.png,res://external/assets/maps/elements/match/elem3_die.gif,,breakable,44,54,1,1,bottom_right,surface,breakable
match/elem8_stand,match,res://external/assets/maps/elements/match/elem8_stand.png,,,solid,42,52,1,1,bottom_right,surface,solid
match/elem9_stand,match,res://external/assets/maps/elements/match/elem9_stand.png,,,solid,42,49,1,1,bottom_right,surface,solid
mine/elem1_stand,mine,res://external/assets/maps/elements/mine/elem1_stand.png,,,floor,40,40,1,1,bottom_right,floor,floor
mine/elem10_stand,mine,res://external/assets/maps/elements/mine/elem10_stand.png,,,floor,40,40,1,1,bottom_right,floor,floor
mine/elem11_stand,mine,res://external/assets/maps/elements/mine/elem11_stand.png,,,floor,40,40,1,1,bottom_right,floor,floor
mine/elem12_stand,mine,res://external/assets/maps/elements/mine/elem12_stand.png,res://external/assets/maps/elements/mine/elem12_die.gif,,breakable,44,54,1,1,bottom_right,surface,breakable
mine/elem13_stand,mine,res://external/assets/maps/elements/mine/elem13_stand.png,,,floor,40,40,1,1,bottom_right,floor,floor
mine/elem14_stand,mine,res://external/assets/maps/elements/mine/elem14_stand.png,,,floor,40,40,1,1,bottom_right,floor,floor
mine/elem15_stand,mine,res://external/assets/maps/elements/mine/elem15_stand.png,,,floor,40,40,1,1,bottom_right,floor,floor
mine/elem16_stand,mine,res://external/assets/maps/elements/mine/elem16_stand.png,,,floor,40,40,1,1,bottom_right,floor,floor
mine/elem17_stand,mine,res://external/assets/maps/elements/mine/elem17_stand.png,,,floor,40,40,1,1,bottom_right,floor,floor
mine/elem18_stand,mine,res://external/assets/maps/elements/mine/elem18_stand.png,,,floor,40,40,1,1,bottom_right,floor,floor
mine/elem19_stand,mine,res://external/assets/maps/elements/mine/elem19_stand.png,,,floor,40,40,1,1,bottom_right,floor,floor
mine/elem2_stand,mine,res://external/assets/maps/elements/mine/elem2_stand.png,,,floor,40,40,1,1,bottom_right,floor,floor
mine/elem20_stand,mine,res://external/assets/maps/elements/mine/elem20_stand.png,,,floor,40,40,1,1,bottom_right,floor,floor
mine/elem21_stand,mine,res://external/assets/maps/elements/mine/elem21_stand.png,,,floor,40,40,1,1,bottom_right,floor,floor
mine/elem22_stand,mine,res://external/assets/maps/elements/mine/elem22_stand.png,,,floor,40,40,1,1,bottom_right,floor,floor
mine/elem23_stand,mine,res://external/assets/maps/elements/mine/elem23_stand.png,,,floor,40,40,1,1,bottom_right,floor,floor
mine/elem24_stand,mine,res://external/assets/maps/elements/mine/elem24_stand.png,,,floor,40,40,1,1,bottom_right,floor,floor
mine/elem25_stand,mine,res://external/assets/maps/elements/mine/elem25_stand.png,,,floor,40,40,1,1,bottom_right,floor,floor
mine/elem26_stand,mine,res://external/assets/maps/elements/mine/elem26_stand.png,,,floor,40,40,1,1,bottom_right,floor,floor
mine/elem27_stand,mine,res://external/assets/maps/elements/mine/elem27_stand.png,res://external/assets/maps/elements/mine/elem27_die.gif,,breakable,44,64,1,1,bottom_right,surface,breakable
mine/elem28_stand,mine,res://external/assets/maps/elements/mine/elem28_stand.png,,,solid,42,71,1,1,bottom_right,surface,solid
mine/elem29_stand,mine,res://external/assets/maps/elements/mine/elem29_stand.png,,,solid,42,61,1,1,bottom_right,surface,solid
mine/elem3_stand,mine,res://external/assets/maps/elements/mine/elem3_stand.png,,,floor,40,40,1,1,bottom_right,floor,floor
mine/elem30_stand,mine,res://external/assets/maps/elements/mine/elem30_stand.png,,,floor,40,40,1,1,bottom_right,floor,floor
mine/elem31_stand,mine,res://external/assets/maps/elements/mine/elem31_stand.png,,,floor,40,40,1,1,bottom_right,floor,floor
mine/elem32_stand,mine,res://external/assets/maps/elements/mine/elem32_stand.png,,,floor,40,40,1,1,bottom_right,floor,floor
mine/elem33_stand,mine,res://external/assets/maps/elements/mine/elem33_stand.png,,,floor,40,40,1,1,bottom_right,floor,floor
mine/elem34_stand,mine,res://external/assets/maps/elements/mine/elem34_stand.png,,,floor,40,40,1,1,bottom_right,floor,floor
mine/elem35_stand,mine,res://external/assets/maps/elements/mine/elem35_stand.png,,,floor,40,40,1,1,bottom_right,floor,floor
mine/elem36_stand,mine,res://external/assets/maps/elements/mine/elem36_stand.png,,,floor,40,40,1,1,bottom_right,floor,floor
mine/elem37_stand,mine,res://external/assets/maps/elements/mine/elem37_stand.png,,,floor,40,40,1,1,bottom_right,floor,floor
mine/elem38_stand,mine,res://external/assets/maps/elements/mine/elem38_stand.png,,,floor,40,40,1,1,bottom_right,floor,floor
mine/elem39_stand,mine,res://external/assets/maps/elements/mine/elem39_stand.png,,,floor,40,40,1,1,bottom_right,floor,floor
mine/elem4_stand,mine,res://external/assets/maps/elements/mine/elem4_stand.png,res://external/assets/maps/elements/mine/elem4_die.gif,,breakable,44,54,1,1,bottom_right,surface,breakable
mine/elem40_stand,mine,res://external/assets/maps/elements/mine/elem40_stand.png,,,solid,40,80,1,1,bottom_right,surface,solid
mine/elem41_stand,mine,res://external/assets/maps/elements/mine/elem41_stand.png,,,floor,40,40,1,1,bottom_right,floor,floor
mine/elem42_stand,mine,res://external/assets/maps/elements/mine/elem42_stand.png,,,floor,40,40,1,1,bottom_right,floor,floor
mine/elem43_stand,mine,res://external/assets/maps/elements/mine/elem43_stand.png,,,floor,40,40,1,1,bottom_right,floor,floor
mine/elem44_stand,mine,res://external/assets/maps/elements/mine/elem44_stand.png,,,floor,40,40,1,1,bottom_right,floor,floor
mine/elem45_stand,mine,res://external/assets/maps/elements/mine/elem45_stand.png,,,floor,40,40,1,1,bottom_right,floor,floor
mine/elem46_stand,mine,res://external/assets/maps/elements/mine/elem46_stand.png,,,floor,40,40,1,1,bottom_right,floor,floor
mine/elem47_stand,mine,res://external/assets/maps/elements/mine/elem47_stand.png,,,solid,40,80,1,1,bottom_right,surface,solid
mine/elem48_stand,mine,res://external/assets/maps/elements/mine/elem48_stand.png,,,solid,40,80,1,1,bottom_right,surface,solid
mine/elem49_stand,mine,res://external/assets/maps/elements/mine/elem49_stand.png,,,solid,40,80,1,1,bottom_right,surface,solid
mine/elem5_stand,mine,res://external/assets/maps/elements/mine/elem5_stand.png,,,solid,44,63,1,1,bottom_right,surface,solid
mine/elem50_stand,mine,res://external/assets/maps/elements/mine/elem50_stand.png,,,solid,40,80,1,1,bottom_right,surface,solid
mine/elem51_stand,mine,res://external/assets/maps/elements/mine/elem51_stand.png,,,solid,43,82,1,1,bottom_right,surface,solid
mine/elem52_stand,mine,res://external/assets/maps/elements/mine/elem52_stand.png,,,solid,42,77,1,1,bottom_right,surface,solid
mine/elem53_stand,mine,res://external/assets/maps/elements/mine/elem53_stand.png,,,solid,43,83,1,1,bottom_right,surface,solid
mine/elem54_stand,mine,res://external/assets/maps/elements/mine/elem54_stand.png,,,solid,43,83,1,1,bottom_right,surface,solid
mine/elem56_stand,mine,res://external/assets/maps/elements/mine/elem56_stand.png,,,floor,40,40,1,1,bottom_right,floor,floor
mine/elem57_stand,mine,res://external/assets/maps/elements/mine/elem57_stand.png,,,solid,39,84,1,1,bottom_right,surface,solid
mine/elem58_stand,mine,res://external/assets/maps/elements/mine/elem58_stand.png,,,solid,40,80,1,1,bottom_right,surface,solid
mine/elem59_stand,mine,res://external/assets/maps/elements/mine/elem59_stand.png,,,solid,40,80,1,1,bottom_right,surface,solid
mine/elem6_stand,mine,res://external/assets/maps/elements/mine/elem6_stand.png,res://external/assets/maps/elements/mine/elem6_die.gif,,breakable,44,51,1,1,bottom_right,surface,breakable
mine/elem60_stand,mine,res://external/assets/maps/elements/mine/elem60_stand.png,,,solid,40,80,1,1,bottom_right,surface,solid
mine/elem7_stand,mine,res://external/assets/maps/elements/mine/elem7_stand.png,,,solid,39,63,1,1,bottom_right,surface,solid
mine/elem8_stand,mine,res://external/assets/maps/elements/mine/elem8_stand.png,res://external/assets/maps/elements/mine/elem8_die.gif,,breakable,44,64,1,1,bottom_right,surface,breakable
mine/elem9_stand,mine,res://external/assets/maps/elements/mine/elem9_stand.png,,,floor,40,40,1,1,bottom_right,floor,floor
pig/elem1_stand,pig,res://external/assets/maps/elements/pig/elem1_stand.png,,,floor,40,40,1,1,bottom_right,floor,floor
pig/elem10_stand,pig,res://external/assets/maps/elements/pig/elem10_stand.png,res://external/assets/maps/elements/pig/elem10_die.gif,,breakable,45,63,1,1,bottom_right,surface,breakable
pig/elem11_stand,pig,res://external/assets/maps/elements/pig/elem11_stand.png,res://external/assets/maps/elements/pig/elem11_die.gif,,breakable,43,53,1,1,bottom_right,surface,breakable
pig/elem12_stand,pig,res://external/assets/maps/elements/pig/elem12_stand.png,res://external/assets/maps/elements/pig/elem12_die.gif,,breakable,42,52,1,1,bottom_right,surface,breakable
pig/elem13_stand,pig,res://external/assets/maps/elements/pig/elem13_stand.png,,res://external/assets/maps/elements/pig/elem13_trigger.gif,trigger_solid,42,82,1,1,bottom_right,surface,trigger_solid
pig/elem2_stand,pig,res://external/assets/maps/elements/pig/elem2_stand.png,,,floor,40,40,1,1,bottom_right,floor,floor
pig/elem6_stand,pig,res://external/assets/maps/elements/pig/elem6_stand.png,,,solid,82,96,1,1,bottom_right,surface,solid
pig/elem7_stand,pig,res://external/assets/maps/elements/pig/elem7_stand.gif,,res://external/assets/maps/elements/pig/elem7_trigger.gif,trigger_solid,80,64,1,1,bottom_right,surface,trigger_solid
pig/elem8_stand,pig,res://external/assets/maps/elements/pig/elem8_stand.gif,,res://external/assets/maps/elements/pig/elem8_trigger.gif,trigger_solid,80,64,1,1,bottom_right,surface,trigger_solid
pig/elem9_stand,pig,res://external/assets/maps/elements/pig/elem9_stand.png,,,solid,43,56,1,1,bottom_right,surface,solid
practice/elem1_stand,practice,res://external/assets/maps/elements/practice/elem1_stand.png,,,floor,40,40,1,1,bottom_right,floor,floor
practice/elem10_stand,practice,res://external/assets/maps/elements/practice/elem10_stand.png,,res://external/assets/maps/elements/practice/elem10_trigger.gif,trigger_solid,40,57,1,1,bottom_right,surface,trigger_solid
practice/elem12_stand,practice,res://external/assets/maps/elements/practice/elem12_stand.png,,,solid,40,60,1,1,bottom_right,surface,solid
practice/elem13_stand,practice,res://external/assets/maps/elements/practice/elem13_stand.png,,,solid,40,47,1,1,bottom_right,surface,solid
practice/elem14_stand,practice,res://external/assets/maps/elements/practice/elem14_stand.png,res://external/assets/maps/elements/practice/elem14_die.gif,,breakable,40,55,1,1,bottom_right,surface,breakable
practice/elem15_stand,practice,res://external/assets/maps/elements/practice/elem15_stand.png,,,solid,45,50,1,1,bottom_right,surface,solid
practice/elem16_stand,practice,res://external/assets/maps/elements/practice/elem16_stand.png,,,solid,45,50,1,1,bottom_right,surface,solid
practice/elem17_stand,practice,res://external/assets/maps/elements/practice/elem17_stand.png,res://external/assets/maps/elements/practice/elem17_die.gif,,breakable,45,54,1,1,bottom_right,surface,breakable
practice/elem18_stand,practice,res://external/assets/maps/elements/practice/elem18_stand.png,,,solid,44,54,1,1,bottom_right,surface,solid
practice/elem19_stand,practice,res://external/assets/maps/elements/practice/elem19_stand.png,,,floor,40,40,1,1,bottom_right,floor,floor
practice/elem2_stand,practice,res://external/assets/maps/elements/practice/elem2_stand.png,res://external/assets/maps/elements/practice/elem2_die.gif,,breakable,45,54,1,1,bottom_right,surface,breakable
practice/elem20_stand,practice,res://external/assets/maps/elements/practice/elem20_stand.png,res://external/assets/maps/elements/practice/elem20_die.gif,,breakable,40,50,1,1,bottom_right,surface,breakable
practice/elem21_stand,practice,res://external/assets/maps/elements/practice/elem21_stand.png,,,solid,44,50,1,1,bottom_right,surface,solid
practice/elem23_stand,practice,res://external/assets/maps/elements/practice/elem23_stand.png,,,floor,40,40,1,1,bottom_right,floor,floor
practice/elem3_stand,practice,res://external/assets/maps/elements/practice/elem3_stand.png,res://external/assets/maps/elements/practice/elem3_die.gif,,breakable,43,61,1,1,bottom_right,surface,breakable
practice/elem4_stand,practice,res://external/assets/maps/elements/practice/elem4_stand.png,res://external/assets/maps/elements/practice/elem4_die.gif,,breakable,43,61,1,1,bottom_right,surface,breakable
practice/elem5_stand,practice,res://external/assets/maps/elements/practice/elem5_stand.png,,,solid,42,63,1,1,bottom_right,surface,solid
practice/elem6_stand,practice,res://external/assets/maps/elements/practice/elem6_stand.png,,,solid,40,50,1,1,bottom_right,surface,solid
practice/elem7_stand,practice,res://external/assets/maps/elements/practice/elem7_stand.png,,,solid,45,50,1,1,bottom_right,surface,solid
practice/elem8_stand,practice,res://external/assets/maps/elements/practice/elem8_stand.png,,,solid,45,50,1,1,bottom_right,surface,solid
sculpture/Bomb9_stand,sculpture,res://external/assets/maps/elements/sculpture/Bomb9_stand.png,,,solid,33,40,1,1,bottom_right,surface,solid
sculpture/elem1_stand,sculpture,res://external/assets/maps/elements/sculpture/elem1_stand.png,,,floor,40,40,1,1,bottom_right,floor,floor
sculpture/elem10_stand,sculpture,res://external/assets/maps/elements/sculpture/elem10_stand.png,,,solid,44,65,1,1,bottom_right,surface,solid
sculpture/elem11_stand,sculpture,res://external/assets/maps/elements/sculpture/elem11_stand.png,,res://external/assets/maps/elements/sculpture/elem11_trigger.gif,trigger_solid,44,69,1,1,bottom_right,surface,trigger_solid
sculpture/elem12_stand,sculpture,res://external/assets/maps/elements/sculpture/elem12_stand.png,,res://external/assets/maps/elements/sculpture/elem12_trigger.gif,trigger_solid,44,69,1,1,bottom_right,surface,trigger_solid
sculpture/elem2_stand,sculpture,res://external/assets/maps/elements/sculpture/elem2_stand.png,res://external/assets/maps/elements/sculpture/elem2_die.gif,,breakable,43,54,1,1,bottom_right,surface,breakable
sculpture/elem20_stand,sculpture,res://external/assets/maps/elements/sculpture/elem20_stand.png,res://external/assets/maps/elements/sculpture/elem20_die.gif,,breakable,43,54,1,1,bottom_right,surface,breakable
sculpture/elem21_stand,sculpture,res://external/assets/maps/elements/sculpture/elem21_stand.png,res://external/assets/maps/elements/sculpture/elem21_die.gif,,breakable,43,54,1,1,bottom_right,surface,breakable
sculpture/elem3_stand,sculpture,res://external/assets/maps/elements/sculpture/elem3_stand.png,res://external/assets/maps/elements/sculpture/elem3_die.gif,,breakable,43,54,1,1,bottom_right,surface,breakable
sculpture/elem4_stand,sculpture,res://external/assets/maps/elements/sculpture/elem4_stand.png,res://external/assets/maps/elements/sculpture/elem4_die.gif,,breakable,43,55,1,1,bottom_right,surface,breakable
sculpture/elem5_stand,sculpture,res://external/assets/maps/elements/sculpture/elem5_stand.png,,,floor,40,40,1,1,bottom_right,floor,floor
sculpture/elem6_stand,sculpture,res://external/assets/maps/elements/sculpture/elem6_stand.png,,,floor,40,40,1,1,bottom_right,floor,floor
sculpture/elem7_stand,sculpture,res://external/assets/maps/elements/sculpture/elem7_stand.png,,,floor,40,40,1,1,bottom_right,floor,floor
sculpture/elem8_stand,sculpture,res://external/assets/maps/elements/sculpture/elem8_stand.png,,,solid,54,82,1,1,bottom_right,surface,solid
sculpture/elem9_stand,sculpture,res://external/assets/maps/elements/sculpture/elem9_stand.png,,,solid,54,82,1,1,bottom_right,surface,solid
snow/elem1_stand,snow,res://external/assets/maps/elements/snow/elem1_stand.png,,,floor,40,40,1,1,bottom_right,floor,floor
snow/elem11_stand,snow,res://external/assets/maps/elements/snow/elem11_stand.png,,res://external/assets/maps/elements/snow/elem11_trigger.gif,trigger_solid,44,65,1,1,bottom_right,surface,trigger_solid
snow/elem12_stand,snow,res://external/assets/maps/elements/snow/elem12_stand.png,res://external/assets/maps/elements/snow/elem12_die.gif,,breakable,43,46,1,1,bottom_right,surface,breakable
snow/elem13_stand,snow,res://external/assets/maps/elements/snow/elem13_stand.png,,,floor,40,40,1,1,bottom_right,floor,floor
snow/elem15_stand,snow,res://external/assets/maps/elements/snow/elem15_stand.png,res://external/assets/maps/elements/snow/elem15_die.gif,,breakable,43,53,1,1,bottom_right,surface,breakable
snow/elem16_stand,snow,res://external/assets/maps/elements/snow/elem16_stand.png,,,solid,40,60,1,1,bottom_right,surface,solid
snow/elem17_stand,snow,res://external/assets/maps/elements/snow/elem17_stand.png,,,floor,40,40,1,1,bottom_right,floor,floor
snow/elem18_stand,snow,res://external/assets/maps/elements/snow/elem18_stand.png,,,floor,40,40,1,1,bottom_right,floor,floor
snow/elem19_stand,snow,res://external/assets/maps/elements/snow/elem19_stand.png,,,solid,49,67,1,1,bottom_right,surface,solid
snow/elem2_stand,snow,res://external/assets/maps/elements/snow/elem2_stand.png,res://external/assets/maps/elements/snow/elem2_die.gif,,breakable,43,53,1,1,bottom_right,surface,breakable
snow/elem20_stand,snow,res://external/assets/maps/elements/snow/elem20_stand.png,,,solid,80,80,1,1,bottom_right,surface,solid
snow/elem21_stand,snow,res://external/assets/maps/elements/snow/elem21_stand.png,,,solid,80,80,1,1,bottom_right,surface,solid
snow/elem22_stand,snow,res://external/assets/maps/elements/snow/elem22_stand.png,,,solid,80,80,1,1,bottom_right,surface,solid
snow/elem23_stand,snow,res://external/assets/maps/elements/snow/elem23_stand.png,,,solid,80,80,1,1,bottom_right,surface,solid
snow/elem24_stand,snow,res://external/assets/maps/elements/snow/elem24_stand.png,,,floor,40,40,1,1,bottom_right,floor,floor
snow/elem25_stand,snow,res://external/assets/maps/elements/snow/elem25_stand.png,,,floor,40,40,1,1,bottom_right,floor,floor
snow/elem26_stand,snow,res://external/assets/maps/elements/snow/elem26_stand.png,,,solid,80,40,1,1,bottom_right,surface,solid
snow/elem27_stand,snow,res://external/assets/maps/elements/snow/elem27_stand.png,,,solid,40,80,1,1,bottom_right,surface,solid
snow/elem28_stand,snow,res://external/assets/maps/elements/snow/elem28_stand.png,,,floor,40,40,1,1,bottom_right,floor,floor
snow/elem29_stand,snow,res://external/assets/maps/elements/snow/elem29_stand.png,,,floor,40,40,1,1,bottom_right,floor,floor
snow/elem3_stand,snow,res://external/assets/maps/elements/snow/elem3_stand.png,res://external/assets/maps/elements/snow/elem3_die.gif,,breakable,43,46,1,1,bottom_right,surface,breakable
snow/elem30_stand,snow,res://external/assets/maps/elements/snow/elem30_stand.png,,,floor,40,40,1,1,bottom_right,floor,floor
snow/elem31_stand,snow,res://external/assets/maps/elements/snow/elem31_stand.png,,,floor,40,40,1,1,bottom_right,floor,floor
snow/elem32_stand,snow,res://external/assets/maps/elements/snow/elem32_stand.png,,,floor,40,40,1,1,bottom_right,floor,floor
snow/elem33_stand,snow,res://external/assets/maps/elements/snow/elem33_stand.png,,,floor,40,40,1,1,bottom_right,floor,floor
snow/elem34_stand,snow,res://external/assets/maps/elements/snow/elem34_stand.png,,,floor,40,40,1,1,bottom_right,floor,floor
snow/elem35_stand,snow,res://external/assets/maps/elements/snow/elem35_stand.png,,,floor,40,40,1,1,bottom_right,floor,floor
snow/elem36_stand,snow,res://external/assets/maps/elements/snow/elem36_stand.png,,,floor,40,40,1,1,bottom_right,floor,floor
snow/elem37_stand,snow,res://external/assets/maps/elements/snow/elem37_stand.png,,,floor,40,40,1,1,bottom_right,floor,floor
snow/elem38_stand,snow,res://external/assets/maps/elements/snow/elem38_stand.png,,,solid,80,80,1,1,bottom_right,surface,solid
snow/elem39_stand,snow,res://external/assets/maps/elements/snow/elem39_stand.png,,,floor,40,40,1,1,bottom_right,floor,floor
snow/elem4_stand,snow,res://external/assets/maps/elements/snow/elem4_stand.png,,res://external/assets/maps/elements/snow/elem4_trigger.gif,trigger_solid,44,65,1,1,bottom_right,surface,trigger_solid
snow/elem40_stand,snow,res://external/assets/maps/elements/snow/elem40_stand.png,,,solid,42,45,1,1,bottom_right,surface,solid
snow/elem41_stand,snow,res://external/assets/maps/elements/snow/elem41_stand.png,,,solid,40,45,1,1,bottom_right,surface,solid
snow/elem42_stand,snow,res://external/assets/maps/elements/snow/elem42_stand.png,,,solid,80,80,1,1,bottom_right,surface,solid
snow/elem43_stand,snow,res://external/assets/maps/elements/snow/elem43_stand.png,,,solid,80,80,1,1,bottom_right,surface,solid
snow/elem44_stand,snow,res://external/assets/maps/elements/snow/elem44_stand.png,,,solid,80,80,1,1,bottom_right,surface,solid
snow/elem45_stand,snow,res://external/assets/maps/elements/snow/elem45_stand.png,,,solid,80,80,1,1,bottom_right,surface,solid
snow/elem46_stand,snow,res://external/assets/maps/elements/snow/elem46_stand.png,,,floor,40,40,1,1,bottom_right,floor,floor
snow/elem47_stand,snow,res://external/assets/maps/elements/snow/elem47_stand.png,,,floor,40,40,1,1,bottom_right,floor,floor
snow/elem48_stand,snow,res://external/assets/maps/elements/snow/elem48_stand.png,,,solid,80,40,1,1,bottom_right,surface,solid
snow/elem49_stand,snow,res://external/assets/maps/elements/snow/elem49_stand.png,,,solid,40,80,1,1,bottom_right,surface,solid
snow/elem5_stand,snow,res://external/assets/maps/elements/snow/elem5_stand.png,,res://external/assets/maps/elements/snow/elem5_trigger.gif,trigger_solid,44,65,1,1,bottom_right,surface,trigger_solid
snow/elem6_stand,snow,res://external/assets/maps/elements/snow/elem6_stand.png,,,solid,43,60,1,1,bottom_right,surface,solid
snow/elem7_stand,snow,res://external/assets/maps/elements/snow/elem7_stand.png,,,solid,40,60,1,1,bottom_right,surface,solid
tank/elem32_stand,tank,res://external/assets/maps/elements/tank/elem32_stand.png,,res://external/assets/maps/elements/tank/elem32_trigger.gif,trigger_solid,60,65,1,1,bottom_right,surface,trigger_solid
tank/elem33_stand,tank,res://external/assets/maps/elements/tank/elem33_stand.png,res://external/assets/maps/elements/tank/elem33_die.gif,,breakable,64,73,1,1,bottom_right,surface,breakable
tank/elem34_stand,tank,res://external/assets/maps/elements/tank/elem34_stand.png,res://external/assets/maps/elements/tank/elem34_die.gif,,breakable,64,73,1,1,bottom_right,surface,breakable
tank/elem37_stand,tank,res://external/assets/maps/elements/tank/elem37_stand.png,,,solid,60,96,1,1,bottom_right,surface,solid
tank/elem38_stand,tank,res://external/assets/maps/elements/tank/elem38_stand.png,res://external/assets/maps/elements/tank/elem38_die.gif,,breakable,48,51,1,1,bottom_right,surface,breakable
tank/elem39_stand,tank,res://external/assets/maps/elements/tank/elem39_stand.png,,,solid,60,60,1,1,bottom_right,surface,solid
tank/elem40_stand,tank,res://external/assets/maps/elements/tank/elem40_stand.png,,,solid,60,60,1,1,bottom_right,surface,solid
tank/elem41_stand,tank,res://external/assets/maps/elements/tank/elem41_stand.png,res://external/assets/maps/elements/tank/elem41_die.gif,,breakable,51,66,1,1,bottom_right,surface,breakable
tank/elem42_stand,tank,res://external/assets/maps/elements/tank/elem42_stand.png,res://external/assets/maps/elements/tank/elem42_die.gif,,breakable,51,66,1,1,bottom_right,surface,breakable
tank/elem43_stand,tank,res://external/assets/maps/elements/tank/elem43_stand.png,res://external/assets/maps/elements/tank/elem43_die.gif,,breakable,46,56,1,1,bottom_right,surface,breakable
tank/elem44_stand,tank,res://external/assets/maps/elements/tank/elem44_stand.png,,res://external/assets/maps/elements/tank/elem44_trigger.gif,trigger_solid,60,65,1,1,bottom_right,surface,trigger_solid
tank/elem45_stand,tank,res://external/assets/maps/elements/tank/elem45_stand.png,,,floor,40,40,1,1,bottom_right,floor,floor
tank/elem46_stand,tank,res://external/assets/maps/elements/tank/elem46_stand.png,,,floor,40,40,1,1,bottom_right,floor,floor
tank/elem47_stand,tank,res://external/assets/maps/elements/tank/elem47_stand.png,,,floor,40,40,1,1,bottom_right,floor,floor
tank/elem48_stand,tank,res://external/assets/maps/elements/tank/elem48_stand.png,,,floor,40,40,1,1,bottom_right,floor,floor
tank/elem49_stand,tank,res://external/assets/maps/elements/tank/elem49_stand.png,,,floor,40,40,1,1,bottom_right,floor,floor
tank/elem50_stand,tank,res://external/assets/maps/elements/tank/elem50_stand.png,,,floor,40,40,1,1,bottom_right,floor,floor
tank/elem51_stand,tank,res://external/assets/maps/elements/tank/elem51_stand.png,,,floor,40,40,1,1,bottom_right,floor,floor
tank/elem52_stand,tank,res://external/assets/maps/elements/tank/elem52_stand.png,,,floor,40,40,1,1,bottom_right,floor,floor
tank/elem53_stand,tank,res://external/assets/maps/elements/tank/elem53_stand.png,,,floor,40,40,1,1,bottom_right,floor,floor
tank/elem54_stand,tank,res://external/assets/maps/elements/tank/elem54_stand.png,,,floor,40,40,1,1,bottom_right,floor,floor
town/elem1_stand,town,res://external/assets/maps/elements/town/elem1_stand.png,,,floor,40,40,1,1,bottom_right,floor,floor
town/elem10_stand,town,res://external/assets/maps/elements/town/elem10_stand.png,,,solid,43,53,1,1,bottom_right,surface,solid
town/elem11_stand,town,res://external/assets/maps/elements/town/elem11_stand.png,,,floor,40,40,1,1,bottom_right,floor,floor
town/elem12_stand,town,res://external/assets/maps/elements/town/elem12_stand.png,,,floor,40,40,1,1,bottom_right,floor,floor
town/elem120_stand,town,res://external/assets/maps/elements/town/elem120_stand.png,,,solid,40,80,1,1,bottom_right,surface,solid
town/elem121_stand,town,res://external/assets/maps/elements/town/elem121_stand.png,,,solid,40,80,1,1,bottom_right,surface,solid
town/elem122_stand,town,res://external/assets/maps/elements/town/elem122_stand.png,,,solid,40,80,1,1,bottom_right,surface,solid
town/elem13_stand,town,res://external/assets/maps/elements/town/elem13_stand.png,,,floor,40,40,1,1,bottom_right,floor,floor
town/elem14_stand,town,res://external/assets/maps/elements/town/elem14_stand.png,res://external/assets/maps/elements/town/elem14_die.gif,,breakable,43,53,1,1,bottom_right,surface,breakable
town/elem15_stand,town,res://external/assets/maps/elements/town/elem15_stand.png,res://external/assets/maps/elements/town/elem15_die.gif,,breakable,43,53,1,1,bottom_right,surface,breakable
town/elem17_stand,town,res://external/assets/maps/elements/town/elem17_stand.png,res://external/assets/maps/elements/town/elem17_die.gif,,breakable,43,53,1,1,bottom_right,surface,breakable
town/elem18_stand,town,res://external/assets/maps/elements/town/elem18_stand.png,res://external/assets/maps/elements/town/elem18_die.gif,,breakable,43,53,1,1,bottom_right,surface,breakable
town/elem2_stand,town,res://external/assets/maps/elements/town/elem2_stand.png,,,floor,40,40,1,1,bottom_right,floor,floor
town/elem20_stand,town,res://external/assets/maps/elements/town/elem20_stand.png,,,solid,40,54,1,1,bottom_right,surface,solid
town/elem22_stand,town,res://external/assets/maps/elements/town/elem22_stand.png,,,floor,40,40,1,1,bottom_right,floor,floor
town/elem23_stand,town,res://external/assets/maps/elements/town/elem23_stand.png,,,floor,40,40,1,1,bottom_right,floor,floor
town/elem24_stand,town,res://external/assets/maps/elements/town/elem24_stand.png,,,floor,40,40,1,1,bottom_right,floor,floor
town/elem25_stand,town,res://external/assets/maps/elements/town/elem25_stand.png,,,floor,40,40,1,1,bottom_right,floor,floor
town/elem26_stand,town,res://external/assets/maps/elements/town/elem26_stand.png,,,floor,40,40,1,1,bottom_right,floor,floor
town/elem3_stand,town,res://external/assets/maps/elements/town/elem3_stand.png,,,floor,40,40,1,1,bottom_right,floor,floor
town/elem4_stand,town,res://external/assets/maps/elements/town/elem4_stand.png,res://external/assets/maps/elements/town/elem4_die.gif,,breakable,42,54,1,1,bottom_right,surface,breakable
town/elem5_stand,town,res://external/assets/maps/elements/town/elem5_stand.png,,res://external/assets/maps/elements/town/elem5_trigger.gif,trigger_solid,44,78,1,1,bottom_right,surface,trigger_solid
town/elem51_stand,town,res://external/assets/maps/elements/town/elem51_stand.gif,,,solid,39,70,1,1,bottom_right,surface,solid
town/elem53_stand,town,res://external/assets/maps/elements/town/elem53_stand.png,,,floor,40,40,1,1,bottom_right,floor,floor
town/elem54_stand,town,res://external/assets/maps/elements/town/elem54_stand.png,res://external/assets/maps/elements/town/elem54_die.gif,,breakable,43,53,1,1,bottom_right,surface,breakable
town/elem55_stand,town,res://external/assets/maps/elements/town/elem55_stand.png,res://external/assets/maps/elements/town/elem55_die.gif,,breakable,43,53,1,1,bottom_right,surface,breakable
town/elem56_stand,town,res://external/assets/maps/elements/town/elem56_stand.png,res://external/assets/maps/elements/town/elem56_die.gif,,breakable,45,62,1,1,bottom_right,surface,breakable
town/elem57_stand,town,res://external/assets/maps/elements/town/elem57_stand.png,,,solid,40,69,1,1,bottom_right,surface,solid
town/elem60_stand,town,res://external/assets/maps/elements/town/elem60_stand.png,,,solid,63,92,1,1,bottom_right,surface,solid
town/elem61_stand,town,res://external/assets/maps/elements/town/elem61_stand.png,,,solid,63,92,1,1,bottom_right,surface,solid
town/elem7_stand,town,res://external/assets/maps/elements/town/elem7_stand.png,,,solid,43,58,1,1,bottom_right,surface,solid
town/elem8_stand,town,res://external/assets/maps/elements/town/elem8_stand.png,,,solid,43,58,1,1,bottom_right,surface,solid
town/elem9_stand,town,res://external/assets/maps/elements/town/elem9_stand.png,,,solid,43,58,1,1,bottom_right,surface,solid
treasure/elem1_stand,treasure,res://external/assets/maps/elements/treasure/elem1_stand.png,,,floor,40,40,1,1,bottom_right,floor,floor
treasure/elem10_stand,treasure,res://external/assets/maps/elements/treasure/elem10_stand.png,,,floor,40,40,1,1,bottom_right,floor,floor
treasure/elem11_stand,treasure,res://external/assets/maps/elements/treasure/elem11_stand.png,,,floor,40,40,1,1,bottom_right,floor,floor
treasure/elem12_stand,treasure,res://external/assets/maps/elements/treasure/elem12_stand.png,,,solid,43,83,1,1,bottom_right,surface,solid
treasure/elem13_stand,treasure,res://external/assets/maps/elements/treasure/elem13_stand.png,,,solid,43,83,1,1,bottom_right,surface,solid
treasure/elem14_stand,treasure,res://external/assets/maps/elements/treasure/elem14_stand.png,,res://external/assets/maps/elements/treasure/elem14_trigger.gif,trigger_solid,40,80,1,1,bottom_right,surface,trigger_solid
treasure/elem15_stand,treasure,res://external/assets/maps/elements/treasure/elem15_stand.png,,,floor,40,40,1,1,bottom_right,floor,floor
treasure/elem16_stand,treasure,res://external/assets/maps/elements/treasure/elem16_stand.png,,,floor,40,40,1,1,bottom_right,floor,floor
treasure/elem17_stand,treasure,res://external/assets/maps/elements/treasure/elem17_stand.png,,,floor,40,40,1,1,bottom_right,floor,floor
treasure/elem2_stand,treasure,res://external/assets/maps/elements/treasure/elem2_stand.png,,,floor,40,40,1,1,bottom_right,floor,floor
treasure/elem3_stand,treasure,res://external/assets/maps/elements/treasure/elem3_stand.png,,,floor,40,40,1,1,bottom_right,floor,floor
treasure/elem4_stand,treasure,res://external/assets/maps/elements/treasure/elem4_stand.png,,,floor,40,40,1,1,bottom_right,floor,floor
treasure/elem5_stand,treasure,res://external/assets/maps/elements/treasure/elem5_stand.png,res://external/assets/maps/elements/treasure/elem5_die.gif,,breakable,43,53,1,1,bottom_right,surface,breakable
treasure/elem6_stand,treasure,res://external/assets/maps/elements/treasure/elem6_stand.gif,,,solid,40,61,1,1,bottom_right,surface,solid
treasure/elem7_stand,treasure,res://external/assets/maps/elements/treasure/elem7_stand.png,res://external/assets/maps/elements/treasure/elem7_die.gif,,breakable,43,53,1,1,bottom_right,surface,breakable
treasure/elem8_stand,treasure,res://external/assets/maps/elements/treasure/elem8_stand.png,res://external/assets/maps/elements/treasure/elem8_die.gif,,breakable,43,53,1,1,bottom_right,surface,breakable
water/elem1_stand,water,res://external/assets/maps/elements/water/elem1_stand.png,,,floor,40,40,1,1,bottom_right,floor,floor
water/elem10_stand,water,res://external/assets/maps/elements/water/elem10_stand.png,,res://external/assets/maps/elements/water/elem10_trigger.gif,trigger_solid,40,57,1,1,bottom_right,surface,trigger_solid
water/elem12_stand,water,res://external/assets/maps/elements/water/elem12_stand.png,,,solid,40,60,1,1,bottom_right,surface,solid
water/elem13_stand,water,res://external/assets/maps/elements/water/elem13_stand.png,,,solid,40,47,1,1,bottom_right,surface,solid
water/elem14_stand,water,res://external/assets/maps/elements/water/elem14_stand.png,res://external/assets/maps/elements/water/elem14_die.gif,,breakable,40,55,1,1,bottom_right,surface,breakable
water/elem15_stand,water,res://external/assets/maps/elements/water/elem15_stand.png,,,solid,45,50,1,1,bottom_right,surface,solid
water/elem16_stand,water,res://external/assets/maps/elements/water/elem16_stand.png,,,solid,45,50,1,1,bottom_right,surface,solid
water/elem17_stand,water,res://external/assets/maps/elements/water/elem17_stand.png,res://external/assets/maps/elements/water/elem17_die.gif,,breakable,45,54,1,1,bottom_right,surface,breakable
water/elem18_stand,water,res://external/assets/maps/elements/water/elem18_stand.png,,,solid,44,54,1,1,bottom_right,surface,solid
water/elem19_stand,water,res://external/assets/maps/elements/water/elem19_stand.png,,,floor,40,40,1,1,bottom_right,floor,floor
water/elem2_stand,water,res://external/assets/maps/elements/water/elem2_stand.png,res://external/assets/maps/elements/water/elem2_die.gif,,breakable,45,54,1,1,bottom_right,surface,breakable
water/elem20_stand,water,res://external/assets/maps/elements/water/elem20_stand.png,,res://external/assets/maps/elements/water/elem20_trigger.gif,trigger_solid,40,50,1,1,bottom_right,surface,trigger_solid
water/elem21_stand,water,res://external/assets/maps/elements/water/elem21_stand.png,,res://external/assets/maps/elements/water/elem21_trigger.gif,trigger_solid,44,50,1,1,bottom_right,surface,trigger_solid
water/elem22_stand,water,res://external/assets/maps/elements/water/elem22_stand.png,,res://external/assets/maps/elements/water/elem22_trigger.gif,trigger_solid,44,80,1,1,bottom_right,surface,trigger_solid
water/elem23_stand,water,res://external/assets/maps/elements/water/elem23_stand.png,,res://external/assets/maps/elements/water/elem23_trigger.gif,floor,40,40,1,1,bottom_right,floor,floor
water/elem24_stand,water,res://external/assets/maps/elements/water/elem24_stand.png,res://external/assets/maps/elements/water/elem24_die.gif,,breakable,45,54,1,1,bottom_right,surface,breakable
water/elem25_stand,water,res://external/assets/maps/elements/water/elem25_stand.png,res://external/assets/maps/elements/water/elem25_die.gif,,breakable,45,54,1,1,bottom_right,surface,breakable
water/elem26_stand,water,res://external/assets/maps/elements/water/elem26_stand.png,res://external/assets/maps/elements/water/elem26_die.gif,,breakable,43,65,1,1,bottom_right,surface,breakable
water/elem27_stand,water,res://external/assets/maps/elements/water/elem27_stand.png,,,solid,43,65,1,1,bottom_right,surface,solid
water/elem28_stand,water,res://external/assets/maps/elements/water/elem28_stand.png,,,solid,45,50,1,1,bottom_right,surface,solid
water/elem29_stand,water,res://external/assets/maps/elements/water/elem29_stand.png,res://external/assets/maps/elements/water/elem29_die.gif,,breakable,43,65,1,1,bottom_right,surface,breakable
water/elem3_stand,water,res://external/assets/maps/elements/water/elem3_stand.png,res://external/assets/maps/elements/water/elem3_die.gif,,breakable,43,61,1,1,bottom_right,surface,breakable
water/elem30_stand,water,res://external/assets/maps/elements/water/elem30_stand.png,,,solid,45,56,1,1,bottom_right,surface,solid
water/elem37_stand,water,res://external/assets/maps/elements/water/elem37_stand.png,,,solid,44,73,1,1,bottom_right,surface,solid
water/elem4_stand,water,res://external/assets/maps/elements/water/elem4_stand.png,res://external/assets/maps/elements/water/elem4_die.gif,,breakable,43,61,1,1,bottom_right,surface,breakable
water/elem5_stand,water,res://external/assets/maps/elements/water/elem5_stand.png,,,solid,42,63,1,1,bottom_right,surface,solid
water/elem6_stand,water,res://external/assets/maps/elements/water/elem6_stand.png,,,solid,40,50,1,1,bottom_right,surface,solid
water/elem7_stand,water,res://external/assets/maps/elements/water/elem7_stand.png,,,solid,45,50,1,1,bottom_right,surface,solid
water/elem8_stand,water,res://external/assets/maps/elements/water/elem8_stand.png,,,solid,45,50,1,1,bottom_right,surface,solid
