element_id,display_name,theme_id,theme_name,elem_number,logic_type,interact_type,source_dir,stand_file,die_file,trigger_file
100001,common_elem1,1,common,1,1,0,common,elem1_stand.png,,
100018,common_elem18,1,common,18,2,0,common,elem18_stand.gif,,
100019,common_elem19,1,common,19,2,0,common,elem19_stand.gif,,
100021,common_elem21,1,common,21,4,0,common,elem21_stand.png,,elem21_trigger.gif
100022,common_elem22,1,common,22,4,0,common,elem22_stand.png,,elem22_trigger.gif
100023,common_elem23,1,common,23,4,0,common,elem23_stand.png,,elem23_trigger.gif
100024,common_elem24,1,common,24,2,0,common,elem24_stand.gif,,
100025,common_elem25,1,common,25,2,0,common,elem25_stand.gif,,
100026,common_elem26,1,common,26,2,0,common,elem26_stand.gif,,
100027,common_elem27,1,common,27,2,0,common,elem27_stand.gif,,
100028,common_elem28,1,common,28,2,0,common,elem28_stand.gif,,
100029,common_elem29,1,common,29,2,0,common,elem29_stand.gif,,
100030,common_elem30,1,common,30,2,0,common,elem30_stand.gif,,
100033,common_elem33,1,common,33,2,0,common,elem33_stand.gif,,
100034,common_elem34,1,common,34,2,0,common,elem34_stand.gif,,
100035,common_elem35,1,common,35,2,0,common,elem35_stand.gif,,
100037,common_elem37,1,common,37,2,0,common,elem37_stand.gif,,
100038,common_elem38,1,common,38,2,0,common,elem38_stand.gif,,
100039,common_elem39,1,common,39,2,0,common,elem39_stand.gif,,
100040,common_elem40,1,common,40,1,0,common,elem40_stand.png,,
100041,common_elem41,1,common,41,2,0,common,elem41_stand.gif,,
100042,common_elem42,1,common,42,2,0,common,elem42_stand.gif,,
100043,common_elem43,1,common,43,2,0,common,elem43_stand.gif,,
100044,common_elem44,1,common,44,2,0,common,elem44_stand.gif,,
100045,common_elem45,1,common,45,1,0,common,elem45_stand.png,,
100046,common_elem46,1,common,46,2,0,common,elem46_stand.gif,,
100047,common_elem47,1,common,47,1,0,common,elem47_stand.png,,
100048,common_elem48,1,common,48,2,0,common,elem48_stand.gif,,
100049,common_elem49,1,common,49,2,0,common,elem49_stand.gif,,
100050,common_elem50,1,common,50,1,0,common,elem50_stand.png,,
100051,common_elem51,1,common,51,1,0,common,elem51_stand.png,,
100052,common_elem52,1,common,52,2,0,common,elem52_stand.gif,,
100053,common_elem53,1,common,53,1,0,common,elem53_stand.png,,
100054,common_elem54,1,common,54,2,0,common,elem54_stand.gif,,
100055,common_elem55,1,common,55,1,0,common,elem55_stand.png,,
100056,common_elem56,1,common,56,1,0,common,elem56_stand.png,,
100057,common_elem57,1,common,57,1,0,common,elem57_stand.png,,
100058,common_elem58,1,common,58,1,0,common,elem58_stand.png,,
100059,common_elem59,1,common,59,1,0,common,elem59_stand.png,,
100060,common_elem60,1,common,60,1,0,common,elem60_stand.png,,
100061,common_elem61,1,common,61,1,0,common,elem61_stand.png,,
100062,common_elem62,1,common,62,1,0,common,elem62_stand.png,,
100063,common_elem63,1,common,63,1,0,common,elem63_stand.png,,
100064,common_elem64,1,common,64,1,0,common,elem64_stand.png,,
100065,common_elem65,1,common,65,1,0,common,elem65_stand.png,,
100066,common_elem66,1,common,66,1,0,common,elem66_stand.png,,
100067,common_elem67,1,common,67,1,0,common,elem67_stand.png,,
100068,common_elem68,1,common,68,1,0,common,elem68_stand.png,,
100069,common_elem69,1,common,69,1,0,common,elem69_stand.png,,
100070,common_elem70,1,common,70,1,0,common,elem70_stand.png,,
100071,common_elem71,1,common,71,1,0,common,elem71_stand.png,,
100072,common_elem72,1,common,72,1,0,common,elem72_stand.png,,
100073,common_elem73,1,common,73,1,0,common,elem73_stand.png,,
100074,common_elem74,1,common,74,1,0,common,elem74_stand.png,,
100075,common_elem75,1,common,75,1,0,common,elem75_stand.png,,
100076,common_elem76,1,common,76,1,0,common,elem76_stand.png,,
100077,common_elem77,1,common,77,2,0,common,elem77_stand.gif,,
100078,common_elem78,1,common,78,1,0,common,elem78_stand.png,,
100079,common_elem79,1,common,79,1,0,common,elem79_stand.png,,
100080,common_elem80,1,common,80,1,0,common,elem80_stand.png,,
100081,common_elem81,1,common,81,1,0,common,elem81_stand.png,,
100082,common_elem82,1,common,82,1,0,common,elem82_stand.png,,
100083,common_elem83,1,common,83,1,0,common,elem83_stand.png,,
100100,common_elem100,1,common,100,3,0,common,elem100_stand.png,elem100_die.gif,
100101,common_elem101,1,common,101,3,0,common,elem101_stand.png,elem101_die.gif,
100102,common_elem102,1,common,102,3,0,common,elem102_stand.png,elem102_die.gif,
100103,common_elem103,1,common,103,3,0,common,elem103_stand.png,elem103_die.gif,
100104,common_elem104,1,common,104,3,0,common,elem104_stand.png,elem104_die.gif,
100105,common_elem105,1,common,105,1,0,common,elem105_stand.png,,
100106,common_elem106,1,common,106,1,0,common,elem106_stand.png,,
100107,common_elem107,1,common,107,1,0,common,elem107_stand.png,,
100108,common_elem108,1,common,108,1,0,common,elem108_stand.png,,
100109,common_elem109,1,common,109,1,0,common,elem109_stand.png,,
100110,common_elem110,1,common,110,1,0,common,elem110_stand.png,,
100111,common_elem111,1,common,111,1,0,common,elem111_stand.png,,
100112,common_elem112,1,common,112,1,0,common,elem112_stand.png,,
100113,common_elem113,1,common,113,1,0,common,elem113_stand.png,,
100114,common_elem114,1,common,114,1,0,common,elem114_stand.png,,
100115,common_elem115,1,common,115,1,0,common,elem115_stand.png,,
100116,common_elem116,1,common,116,1,0,common,elem116_stand.png,,
100117,common_elem117,1,common,117,1,0,common,elem117_stand.png,,
100118,common_elem118,1,common,118,1,0,common,elem118_stand.png,,
100119,common_elem119,1,common,119,1,0,common,elem119_stand.png,,
100121,common_elem121,1,common,121,1,0,common,elem121_stand.png,,
100122,common_elem122,1,common,122,1,0,common,elem122_stand.png,,
100123,common_elem123,1,common,123,1,0,common,elem123_stand.png,,
100124,common_elem124,1,common,124,1,0,common,elem124_stand.png,,
100125,common_elem125,1,common,125,1,0,common,elem125_stand.png,,
100126,common_elem126,1,common,126,1,0,common,elem126_stand.png,,
100127,common_elem127,1,common,127,1,0,common,elem127_stand.png,,
100128,common_elem128,1,common,128,1,0,common,elem128_stand.png,,
100130,common_elem130,1,common,130,2,0,common,elem130_stand.gif,,
100131,common_elem131,1,common,131,2,0,common,elem131_stand.gif,,
100132,common_elem132,1,common,132,2,0,common,elem132_stand.gif,,
100133,common_elem133,1,common,133,2,0,common,elem133_stand.gif,,
100134,common_elem134,1,common,134,2,0,common,elem134_stand.gif,,
100135,common_elem135,1,common,135,2,0,common,elem135_stand.gif,,
100136,common_elem136,1,common,136,2,0,common,elem136_stand.gif,,
100137,common_elem137,1,common,137,2,0,common,elem137_stand.gif,,
200001,bomb_elem1,2,bomb,1,1,0,bomb,elem1_stand.png,,
200002,bomb_elem2,2,bomb,2,1,0,bomb,elem2_stand.png,,
200003,bomb_elem3,2,bomb,3,1,0,bomb,elem3_stand.png,,
200004,bomb_elem4,2,bomb,4,1,0,bomb,elem4_stand.png,,
200005,bomb_elem5,2,bomb,5,1,0,bomb,elem5_stand.png,,
200006,bomb_elem6,2,bomb,6,1,0,bomb,elem6_stand.png,,
200007,bomb_elem7,2,bomb,7,1,0,bomb,elem7_stand.png,,
200008,bomb_elem8,2,bomb,8,1,0,bomb,elem8_stand.png,,
200010,bomb_elem10,2,bomb,10,2,0,bomb,elem10_stand.gif,,
200011,bomb_elem11,2,bomb,11,1,0,bomb,elem11_stand.png,,
200012,bomb_elem12,2,bomb,12,1,0,bomb,elem12_stand.png,,
200013,bomb_elem13,2,bomb,13,1,0,bomb,elem13_stand.png,,
200014,bomb_elem14,2,bomb,14,1,0,bomb,elem14_stand.png,,
300001,box_elem1,3,box,1,1,0,box,elem1_stand.png,,
300002,box_elem2,3,box,2,1,0,box,elem2_stand.png,,
300003,box_elem3,3,box,3,1,0,box,elem3_stand.png,,
300004,box_elem4,3,box,4,1,0,box,elem4_stand.png,,
300007,box_elem7,3,box,7,1,0,box,elem7_stand.png,,
300010,box_elem10,3,box,10,2,0,box,elem10_stand.gif,,
300012,box_elem12,3,box,12,1,0,box,elem12_stand.png,,
300015,box_elem15,3,box,15,1,0,box,elem15_stand.png,,
300016,box_elem16,3,box,16,1,0,box,elem16_stand.png,,
300017,box_elem17,3,box,17,1,0,box,elem17_stand.png,,
300022,box_elem22,3,box,22,1,0,box,elem22_stand.png,,
300023,box_elem23,3,box,23,1,0,box,elem23_stand.png,,
300024,box_elem24,3,box,24,1,0,box,elem24_stand.png,,
300025,box_elem25,3,box,25,1,0,box,elem25_stand.png,,
300026,box_elem26,3,box,26,1,0,box,elem26_stand.png,,
300027,box_elem27,3,box,27,1,0,box,elem27_stand.png,,
300028,box_elem28,3,box,28,1,0,box,elem28_stand.png,,
300029,box_elem29,3,box,29,1,0,box,elem29_stand.png,,
300030,box_elem30,3,box,30,1,0,box,elem30_stand.png,,
300031,box_elem31,3,box,31,2,0,box,elem31_stand.gif,,
300032,box_elem32,3,box,32,1,0,box,elem32_stand.png,,
300033,box_elem33,3,box,33,1,0,box,elem33_stand.png,,
300034,box_elem34,3,box,34,1,0,box,elem34_stand.png,,
300035,box_elem35,3,box,35,1,0,box,elem35_stand.png,,
300036,box_elem36,3,box,36,1,0,box,elem36_stand.png,,
300037,box_elem37,3,box,37,1,0,box,elem37_stand.png,,
300038,box_elem38,3,box,38,1,0,box,elem38_stand.png,,
300039,box_elem39,3,box,39,1,0,box,elem39_stand.png,,
300040,box_elem40,3,box,40,1,0,box,elem40_stand.png,,
300041,box_elem41,3,box,41,1,0,box,elem41_stand.png,,
300042,box_elem42,3,box,42,1,0,box,elem42_stand.png,,
300043,box_elem43,3,box,43,1,0,box,elem43_stand.png,,
300044,box_elem44,3,box,44,1,0,box,elem44_stand.png,,
300045,box_elem45,3,box,45,1,0,box,elem45_stand.png,,
300046,box_elem46,3,box,46,1,0,box,elem46_stand.png,,
300047,box_elem47,3,box,47,1,0,box,elem47_stand.png,,
300048,box_elem48,3,box,48,1,0,box,elem48_stand.png,,
300049,box_elem49,3,box,49,1,0,box,elem49_stand.png,,
300100,box_elem100,3,box,100,3,0,box,elem100_stand.png,elem100_die.gif,
300101,box_elem101,3,box,101,1,0,box,elem101_stand.png,,
300102,box_elem102,3,box,102,1,0,box,elem102_stand.png,,
300103,box_elem103,3,box,103,1,0,box,elem103_stand.png,,
300104,box_elem104,3,box,104,1,0,box,elem104_stand.png,,
300105,box_elem105,3,box,105,3,0,box,elem105_stand.png,elem105_die.gif,
300106,box_elem106,3,box,106,4,0,box,elem106_stand.png,,elem106_trigger.gif
300107,box_elem107,3,box,107,2,0,box,elem107_stand.gif,,
300108,box_elem108,3,box,108,1,0,box,elem108_stand.png,,
300109,box_elem109,3,box,109,1,0,box,elem109_stand.png,,
300110,box_elem110,3,box,110,3,0,box,elem110_stand.png,elem110_die.gif,
300111,box_elem111,3,box,111,3,0,box,elem111_stand.png,elem111_die.gif,
300112,box_elem112,3,box,112,3,0,box,elem112_stand.png,elem112_die.gif,
300113,box_elem113,3,box,113,3,0,box,elem113_stand.png,elem113_die.gif,
300114,box_elem114,3,box,114,3,0,box,elem114_stand.png,elem114_die.gif,
300115,box_elem115,3,box,115,5,0,box,elem115_stand.png,elem115_die.gif,elem115_trigger.gif
300116,box_elem116,3,box,116,1,0,box,elem116_stand.png,,
300117,box_elem117,3,box,117,1,0,box,elem117_stand.png,,
300118,box_elem118,3,box,118,1,0,box,elem118_stand.png,,
300119,box_elem119,3,box,119,1,0,box,elem119_stand.png,,
300120,box_elem120,3,box,120,3,0,box,elem120_stand.png,elem120_die.gif,
300121,box_elem121,3,box,121,3,0,box,elem121_stand.png,elem121_die.gif,
300122,box_elem122,3,box,122,3,0,box,elem122_stand.png,elem122_die.gif,
300123,box_elem123,3,box,123,1,0,box,elem123_stand.png,,
300124,box_elem124,3,box,124,1,0,box,elem124_stand.png,,
300125,box_elem125,3,box,125,1,0,box,elem125_stand.png,,
300126,box_elem126,3,box,126,3,0,box,elem126_stand.png,elem126_die.gif,
300127,box_elem127,3,box,127,1,0,box,elem127_stand.png,,
400001,bun_elem1,4,bun,1,3,0,bun,elem1_stand.png,elem1_die.gif,
400002,bun_elem2,4,bun,2,3,0,bun,elem2_stand.png,elem2_die.gif,
400003,bun_elem3,4,bun,3,3,0,bun,elem3_stand.png,elem3_die.gif,
400004,bun_elem4,4,bun,4,3,0,bun,elem4_stand.png,elem4_die.gif,
400005,bun_elem5,4,bun,5,1,0,bun,elem5_stand.png,,
400006,bun_elem6,4,bun,6,1,0,bun,elem6_stand.png,,
400007,bun_elem7,4,bun,7,3,0,bun,elem7_stand.png,elem7_die.gif,
400008,bun_elem8,4,bun,8,1,0,bun,elem8_stand.png,,
400009,bun_elem9,4,bun,9,1,0,bun,elem9_stand.png,,
400010,bun_elem10,4,bun,10,1,0,bun,elem10_stand.png,,
400011,bun_elem11,4,bun,11,1,0,bun,elem11_stand.png,,
400012,bun_elem12,4,bun,12,1,0,bun,elem12_stand.png,,
400013,bun_elem13,4,bun,13,1,0,bun,elem13_stand.png,,
400014,bun_elem14,4,bun,14,1,0,bun,elem14_stand.png,,
400015,bun_elem15,4,bun,15,1,0,bun,elem15_stand.png,,
400016,bun_elem16,4,bun,16,1,0,bun,elem16_stand.png,,
400017,bun_elem17,4,bun,17,2,0,bun,elem17_stand.gif,,
400018,bun_elem18,4,bun,18,2,0,bun,elem18_stand.gif,,
400019,bun_elem19,4,bun,19,2,0,bun,elem19_stand.gif,,
400021,bun_elem21,4,bun,21,4,0,bun,elem21_stand.png,,elem21_trigger.gif
400022,bun_elem22,4,bun,22,4,0,bun,elem22_stand.png,,elem22_trigger.gif
400023,bun_elem23,4,bun,23,4,0,bun,elem23_stand.png,,elem23_trigger.gif
400024,bun_elem24,4,bun,24,1,0,bun,elem24_stand.png,,
400025,bun_elem25,4,bun,25,1,0,bun,elem25_stand.png,,
400026,bun_elem26,4,bun,26,1,0,bun,elem26_stand.png,,
400027,bun_elem27,4,bun,27,1,0,bun,elem27_stand.png,,
400028,bun_elem28,4,bun,28,1,0,bun,elem28_stand.png,,
500001,desert_elem1,5,desert,1,1,0,desert,elem1_stand.png,,
500002,desert_elem2,5,desert,2,3,0,desert,elem2_stand.png,elem2_die.gif,
500003,desert_elem3,5,desert,3,3,0,desert,elem3_stand.png,elem3_die.gif,
500004,desert_elem4,5,desert,4,1,0,desert,elem4_stand.png,,
500005,desert_elem5,5,desert,5,1,0,desert,elem5_stand.png,,
500006,desert_elem6,5,desert,6,3,0,desert,elem6_stand.png,elem6_die.gif,
500007,desert_elem7,5,desert,7,1,0,desert,elem7_stand.png,,
500008,desert_elem8,5,desert,8,4,0,desert,elem8_stand.png,,elem8_trigger.gif
500009,desert_elem9,5,desert,9,1,0,desert,elem9_stand.png,,
500010,desert_elem10,5,desert,10,4,0,desert,elem10_stand.png,,elem10_trigger.gif
500011,desert_elem11,5,desert,11,1,0,desert,elem11_stand.png,,
500012,desert_elem12,5,desert,12,1,0,desert,elem12_stand.png,,
500101,desert_elem101,5,desert,101,1,0,desert,elem101_stand.png,,
500102,desert_elem102,5,desert,102,1,0,desert,elem102_stand.png,,
500103,desert_elem103,5,desert,103,1,0,desert,elem103_stand.png,,
500104,desert_elem104,5,desert,104,1,0,desert,elem104_stand.png,,
500105,desert_elem105,5,desert,105,1,0,desert,elem105_stand.png,,
500106,desert_elem106,5,desert,106,1,0,desert,elem106_stand.png,,
500107,desert_elem107,5,desert,107,1,0,desert,elem107_stand.png,,
500108,desert_elem108,5,desert,108,1,0,desert,elem108_stand.png,,
500109,desert_elem109,5,desert,109,1,0,desert,elem109_stand.png,,
500111,desert_elem111,5,desert,111,1,0,desert,elem111_stand.png,,
500112,desert_elem112,5,desert,112,1,0,desert,elem112_stand.png,,
500113,desert_elem113,5,desert,113,1,0,desert,elem113_stand.png,,
500114,desert_elem114,5,desert,114,1,0,desert,elem114_stand.png,,
500115,desert_elem115,5,desert,115,1,0,desert,elem115_stand.png,,
500116,desert_elem116,5,desert,116,1,0,desert,elem116_stand.png,,
500117,desert_elem117,5,desert,117,1,0,desert,elem117_stand.png,,
500118,desert_elem118,5,desert,118,1,0,desert,elem118_stand.png,,
500119,desert_elem119,5,desert,119,1,0,desert,elem119_stand.png,,
500120,desert_elem120,5,desert,120,1,0,desert,elem120_stand.png,,
500121,desert_elem121,5,desert,121,1,0,desert,elem121_stand.png,,
500122,desert_elem122,5,desert,122,1,0,desert,elem122_stand.png,,
500123,desert_elem123,5,desert,123,1,0,desert,elem123_stand.png,,
500124,desert_elem124,5,desert,124,1,0,desert,elem124_stand.png,,
500125,desert_elem125,5,desert,125,1,0,desert,elem125_stand.png,,
500126,desert_elem126,5,desert,126,1,0,desert,elem126_stand.png,,
500127,desert_elem127,5,desert,127,1,0,desert,elem127_stand.png,,
500128,desert_elem128,5,desert,128,1,0,desert,elem128_stand.png,,
500129,desert_elem129,5,desert,129,1,0,desert,elem129_stand.png,,
500130,desert_elem130,5,desert,130,1,0,desert,elem130_stand.png,,
500131,desert_elem131,5,desert,131,1,0,desert,elem131_stand.png,,
500132,desert_elem132,5,desert,132,1,0,desert,elem132_stand.png,,
500133,desert_elem133,5,desert,133,1,0,desert,elem133_stand.png,,
500134,desert_elem134,5,desert,134,1,0,desert,elem134_stand.png,,
500135,desert_elem135,5,desert,135,1,0,desert,elem135_stand.png,,
500136,desert_elem136,5,desert,136,1,0,desert,elem136_stand.png,,
500137,desert_elem137,5,desert,137,1,0,desert,elem137_stand.png,,
500138,desert_elem138,5,desert,138,1,0,desert,elem138_stand.png,,
500139,desert_elem139,5,desert,139,1,0,desert,elem139_stand.png,,
500140,desert_elem140,5,desert,140,1,0,desert,elem140_stand.png,,
500141,desert_elem141,5,desert,141,1,0,desert,elem141_stand.png,,
500142,desert_elem142,5,desert,142,1,0,desert,elem142_stand.png,,
500143,desert_elem143,5,desert,143,1,0,desert,elem143_stand.png,,
600001,exploration_elem1,6,exploration,1,2,0,exploration,elem1_stand.gif,,
600002,exploration_elem2,6,exploration,2,2,0,exploration,elem2_stand.gif,,
600003,exploration_elem3,6,exploration,3,2,0,exploration,elem3_stand.gif,,
600004,exploration_elem4,6,exploration,4,2,0,exploration,elem4_stand.gif,,
600005,exploration_elem5,6,exploration,5,2,0,exploration,elem5_stand.gif,,
600006,exploration_elem6,6,exploration,6,1,0,exploration,elem6_stand.png,,
600007,exploration_elem7,6,exploration,7,1,0,exploration,elem7_stand.png,,
600008,exploration_elem8,6,exploration,8,1,0,exploration,elem8_stand.png,,
600009,exploration_elem9,6,exploration,9,1,0,exploration,elem9_stand.png,,
600010,exploration_elem10,6,exploration,10,1,0,exploration,elem10_stand.png,,
600011,exploration_elem11,6,exploration,11,1,0,exploration,elem11_stand.png,,
600012,exploration_elem12,6,exploration,12,1,0,exploration,elem12_stand.png,,
600013,exploration_elem13,6,exploration,13,1,0,exploration,elem13_stand.png,,
600014,exploration_elem14,6,exploration,14,1,0,exploration,elem14_stand.png,,
600015,exploration_elem15,6,exploration,15,1,0,exploration,elem15_stand.png,,
600016,exploration_elem16,6,exploration,16,1,0,exploration,elem16_stand.png,,
600017,exploration_elem17,6,exploration,17,1,0,exploration,elem17_stand.png,,
600018,exploration_elem18,6,exploration,18,1,0,exploration,elem18_stand.png,,
600019,exploration_elem19,6,exploration,19,1,0,exploration,elem19_stand.png,,
600020,exploration_elem20,6,exploration,20,1,0,exploration,elem20_stand.png,,
600021,exploration_elem21,6,exploration,21,1,0,exploration,elem21_stand.png,,
600022,exploration_elem22,6,exploration,22,1,0,exploration,elem22_stand.png,,
600023,exploration_elem23,6,exploration,23,1,0,exploration,elem23_stand.png,,
600024,exploration_elem24,6,exploration,24,1,0,exploration,elem24_stand.png,,
600025,exploration_elem25,6,exploration,25,1,0,exploration,elem25_stand.png,,
600026,exploration_elem26,6,exploration,26,1,0,exploration,elem26_stand.png,,
600027,exploration_elem27,6,exploration,27,1,0,exploration,elem27_stand.png,,
600028,exploration_elem28,6,exploration,28,1,0,exploration,elem28_stand.png,,
600029,exploration_elem29,6,exploration,29,1,0,exploration,elem29_stand.png,,
600030,exploration_elem30,6,exploration,30,1,0,exploration,elem30_stand.png,,
600031,exploration_elem31,6,exploration,31,1,0,exploration,elem31_stand.png,,
600032,exploration_elem32,6,exploration,32,1,0,exploration,elem32_stand.png,,
600033,exploration_elem33,6,exploration,33,1,0,exploration,elem33_stand.png,,
600034,exploration_elem34,6,exploration,34,1,0,exploration,elem34_stand.png,,
600035,exploration_elem35,6,exploration,35,1,0,exploration,elem35_stand.png,,
600036,exploration_elem36,6,exploration,36,1,0,exploration,elem36_stand.png,,
600037,exploration_elem37,6,exploration,37,1,0,exploration,elem37_stand.png,,
600038,exploration_elem38,6,exploration,38,1,0,exploration,elem38_stand.png,,
600101,exploration_elem101,6,exploration,101,1,0,exploration,elem101_stand.png,,
600102,exploration_elem102,6,exploration,102,3,0,exploration,elem102_stand.png,elem102_die.gif,
600103,exploration_elem103,6,exploration,103,3,0,exploration,elem103_stand.png,elem103_die.gif,
600104,exploration_elem104,6,exploration,104,4,0,exploration,elem104_stand.png,,elem104_trigger.gif
600105,exploration_elem105,6,exploration,105,1,0,exploration,elem105_stand.png,,
600106,exploration_elem106,6,exploration,106,3,0,exploration,elem106_stand.png,elem106_die.gif,
600107,exploration_elem107,6,exploration,107,1,0,exploration,elem107_stand.png,,
600108,exploration_elem108,6,exploration,108,3,0,exploration,elem108_stand.png,elem108_die.gif,
600109,exploration_elem109,6,exploration,109,3,0,exploration,elem109_stand.png,elem109_die.gif,
600110,exploration_elem110,6,exploration,110,1,0,exploration,elem110_stand.png,,
600111,exploration_elem111,6,exploration,111,1,0,exploration,elem111_stand.png,,
600112,exploration_elem112,6,exploration,112,4,0,exploration,elem112_stand.png,,elem112_trigger.gif
600113,exploration_elem113,6,exploration,113,1,0,exploration,elem113_stand.png,,
600114,exploration_elem114,6,exploration,114,4,0,exploration,elem114_stand.png,,elem114_trigger.gif
600115,exploration_elem115,6,exploration,115,1,0,exploration,elem115_stand.png,,
600116,exploration_elem116,6,exploration,116,3,0,exploration,elem116_stand.png,elem116_die.gif,
600117,exploration_elem117,6,exploration,117,1,0,exploration,elem117_stand.png,,
600118,exploration_elem118,6,exploration,118,1,0,exploration,elem118_stand.png,,
600119,exploration_elem119,6,exploration,119,1,0,exploration,elem119_stand.png,,
600120,exploration_elem120,6,exploration,120,1,0,exploration,elem120_stand.png,,
600121,exploration_elem121,6,exploration,121,1,0,exploration,elem121_stand.png,,
600122,exploration_elem122,6,exploration,122,1,0,exploration,elem122_stand.png,,
600201,exploration_elem201,6,exploration,201,1,0,exploration,elem201_stand.png,,
600202,exploration_elem202,6,exploration,202,1,0,exploration,elem202_stand.png,,
600203,exploration_elem203,6,exploration,203,1,0,exploration,elem203_stand.png,,
600204,exploration_elem204,6,exploration,204,1,0,exploration,elem204_stand.png,,
600205,exploration_elem205,6,exploration,205,1,0,exploration,elem205_stand.png,,
600206,exploration_elem206,6,exploration,206,1,0,exploration,elem206_stand.png,,
600207,exploration_elem207,6,exploration,207,1,0,exploration,elem207_stand.png,,
600208,exploration_elem208,6,exploration,208,1,0,exploration,elem208_stand.png,,
600209,exploration_elem209,6,exploration,209,1,0,exploration,elem209_stand.png,,
600210,exploration_elem210,6,exploration,210,1,0,exploration,elem210_stand.png,,
600211,exploration_elem211,6,exploration,211,1,0,exploration,elem211_stand.png,,
600212,exploration_elem212,6,exploration,212,1,0,exploration,elem212_stand.png,,
600213,exploration_elem213,6,exploration,213,1,0,exploration,elem213_stand.png,,
600214,exploration_elem214,6,exploration,214,1,0,exploration,elem214_stand.png,,
600215,exploration_elem215,6,exploration,215,1,0,exploration,elem215_stand.png,,
600216,exploration_elem216,6,exploration,216,1,0,exploration,elem216_stand.png,,
600217,exploration_elem217,6,exploration,217,1,0,exploration,elem217_stand.png,,
600218,exploration_elem218,6,exploration,218,1,0,exploration,elem218_stand.png,,
600219,exploration_elem219,6,exploration,219,1,0,exploration,elem219_stand.png,,
600220,exploration_elem220,6,exploration,220,1,0,exploration,elem220_stand.png,,
600221,exploration_elem221,6,exploration,221,1,0,exploration,elem221_stand.png,,
600222,exploration_elem222,6,exploration,222,1,0,exploration,elem222_stand.png,,
600223,exploration_elem223,6,exploration,223,1,0,exploration,elem223_stand.png,,
600224,exploration_elem224,6,exploration,224,1,0,exploration,elem224_stand.png,,
600225,exploration_elem225,6,exploration,225,1,0,exploration,elem225_stand.png,,
600226,exploration_elem226,6,exploration,226,1,0,exploration,elem226_stand.png,,
600227,exploration_elem227,6,exploration,227,1,0,exploration,elem227_stand.png,,
700001,field_elem1,7,field,1,1,0,field,elem1_stand.png,,
700002,field_elem2,7,field,2,3,0,field,elem2_stand.png,elem2_die.gif,
700003,field_elem3,7,field,3,5,0,field,elem3_stand.png,elem3_die.gif,elem3_trigger.gif
700004,field_elem4,7,field,4,3,0,field,elem4_stand.png,elem4_die.gif,
700005,field_elem5,7,field,5,3,0,field,elem5_stand.png,elem5_die.gif,
700006,field_elem6,7,field,6,3,0,field,elem6_stand.png,elem6_die.gif,
700007,field_elem7,7,field,7,1,0,field,elem7_stand.png,,
700008,field_elem8,7,field,8,3,0,field,elem8_stand.png,elem8_die.gif,
700009,field_elem9,7,field,9,1,0,field,elem9_stand.png,,
700010,field_elem10,7,field,10,1,0,field,elem10_stand.png,,
700011,field_elem11,7,field,11,1,0,field,elem11_stand.png,,
700012,field_elem12,7,field,12,3,0,field,elem12_stand.png,elem12_die.gif,
700013,field_elem13,7,field,13,1,0,field,elem13_stand.png,,
700014,field_elem14,7,field,14,1,0,field,elem14_stand.png,,
700015,field_elem15,7,field,15,1,0,field,elem15_stand.png,,
700016,field_elem16,7,field,16,1,0,field,elem16_stand.png,,
700017,field_elem17,7,field,17,1,0,field,elem17_stand.png,,
700018,field_elem18,7,field,18,1,0,field,elem18_stand.png,,
700019,field_elem19,7,field,19,1,0,field,elem19_stand.png,,
700020,field_elem20,7,field,20,1,0,field,elem20_stand.png,,
700021,field_elem21,7,field,21,1,0,field,elem21_stand.png,,
700022,field_elem22,7,field,22,1,0,field,elem22_stand.png,,
700023,field_elem23,7,field,23,1,0,field,elem23_stand.png,,
700024,field_elem24,7,field,24,1,0,field,elem24_stand.png,,
700025,field_elem25,7,field,25,1,0,field,elem25_stand.png,,
800001,machine_elem1,8,machine,1,1,0,machine,elem1_stand.png,,
800002,machine_elem2,8,machine,2,1,0,machine,elem2_stand.png,,
800003,machine_elem3,8,machine,3,1,0,machine,elem3_stand.png,,
800004,machine_elem4,8,machine,4,1,0,machine,elem4_stand.png,,
800005,machine_elem5,8,machine,5,1,0,machine,elem5_stand.png,,
800006,machine_elem6,8,machine,6,1,0,machine,elem6_stand.png,,
800007,machine_elem7,8,machine,7,1,0,machine,elem7_stand.png,,
800008,machine_elem8,8,machine,8,3,0,machine,elem8_stand.png,elem8_die.gif,
800009,machine_elem9,8,machine,9,3,0,machine,elem9_stand.png,elem9_die.gif,
800010,machine_elem10,8,machine,10,3,0,machine,elem10_stand.png,elem10_die.gif,
800011,machine_elem11,8,machine,11,1,0,machine,elem11_stand.png,,
800012,machine_elem12,8,machine,12,1,0,machine,elem12_stand.png,,
800013,machine_elem13,8,machine,13,1,0,machine,elem13_stand.png,,
800014,machine_elem14,8,machine,14,1,0,machine,elem14_stand.png,,
800015,machine_elem15,8,machine,15,1,0,machine,elem15_stand.png,,
800016,machine_elem16,8,machine,16,1,0,machine,elem16_stand.png,,
800017,machine_elem17,8,machine,17,1,0,machine,elem17_stand.png,,
800020,machine_elem20,8,machine,20,2,0,machine,elem20_stand.gif,,
800021,machine_elem21,8,machine,21,2,0,machine,elem21_stand.gif,,
800022,machine_elem22,8,machine,22,1,0,machine,elem22_stand.png,,
800023,machine_elem23,8,machine,23,1,0,machine,elem23_stand.png,,
800024,machine_elem24,8,machine,24,1,0,machine,elem24_stand.png,,
800025,machine_elem25,8,machine,25,1,0,machine,elem25_stand.png,,
800026,machine_elem26,8,machine,26,1,0,machine,elem26_stand.png,,
800027,machine_elem27,8,machine,27,1,0,machine,elem27_stand.png,,
800028,machine_elem28,8,machine,28,1,0,machine,elem28_stand.png,,
800029,machine_elem29,8,machine,29,1,0,machine,elem29_stand.png,,
800030,machine_elem30,8,machine,30,1,0,machine,elem30_stand.png,,
800031,machine_elem31,8,machine,31,2,0,machine,elem31_stand.gif,,
800032,machine_elem32,8,machine,32,1,0,machine,elem32_stand.png,,
800033,machine_elem33,8,machine,33,1,0,machine,elem33_stand.png,,
800034,machine_elem34,8,machine,34,1,0,machine,elem34_stand.png,,
800035,machine_elem35,8,machine,35,1,0,machine,elem35_stand.png,,
800036,machine_elem36,8,machine,36,1,0,machine,elem36_stand.png,,
800037,machine_elem37,8,machine,37,1,0,machine,elem37_stand.png,,
800038,machine_elem38,8,machine,38,1,0,machine,elem38_stand.png,,
800039,machine_elem39,8,machine,39,1,0,machine,elem39_stand.png,,
800040,machine_elem40,8,machine,40,1,0,machine,elem40_stand.png,,
800041,machine_elem41,8,machine,41,1,0,machine,elem41_stand.png,,
800042,machine_elem42,8,machine,42,1,0,machine,elem42_stand.png,,
800043,machine_elem43,8,machine,43,1,0,machine,elem43_stand.png,,
800044,machine_elem44,8,machine,44,1,0,machine,elem44_stand.png,,
800045,machine_elem45,8,machine,45,1,0,machine,elem45_stand.png,,
800046,machine_elem46,8,machine,46,1,0,machine,elem46_stand.png,,
800047,machine_elem47,8,machine,47,1,0,machine,elem47_stand.png,,
800048,machine_elem48,8,machine,48,1,0,machine,elem48_stand.png,,
800049,machine_elem49,8,machine,49,1,0,machine,elem49_stand.png,,
800050,machine_elem50,8,machine,50,1,0,machine,elem50_stand.png,,
800051,machine_elem51,8,machine,51,1,0,machine,elem51_stand.png,,
800052,machine_elem52,8,machine,52,1,0,machine,elem52_stand.png,,
800053,machine_elem53,8,machine,53,1,0,machine,elem53_stand.png,,
800054,machine_elem54,8,machine,54,1,0,machine,elem54_stand.png,,
800055,machine_elem55,8,machine,55,1,0,machine,elem55_stand.png,,
800056,machine_elem56,8,machine,56,1,0,machine,elem56_stand.png,,
800057,machine_elem57,8,machine,57,1,0,machine,elem57_stand.png,,
800058,machine_elem58,8,machine,58,1,0,machine,elem58_stand.png,,
800059,machine_elem59,8,machine,59,1,0,machine,elem59_stand.png,,
800060,machine_elem60,8,machine,60,1,0,machine,elem60_stand.png,,
800061,machine_elem61,8,machine,61,1,0,machine,elem61_stand.png,,
800062,machine_elem62,8,machine,62,1,0,machine,elem62_stand.png,,
800063,machine_elem63,8,machine,63,1,0,machine,elem63_stand.png,,
800064,machine_elem64,8,machine,64,3,0,machine,elem64_stand.png,elem64_die.gif,
800065,machine_elem65,8,machine,65,3,0,machine,elem65_stand.png,elem65_die.gif,
800066,machine_elem66,8,machine,66,3,0,machine,elem66_stand.png,elem66_die.gif,
800067,machine_elem67,8,machine,67,3,0,machine,elem67_stand.png,elem67_die.gif,
800068,machine_elem68,8,machine,68,3,0,machine,elem68_stand.png,elem68_die.gif,
800069,machine_elem69,8,machine,69,3,0,machine,elem69_stand.png,elem69_die.gif,
800070,machine_elem70,8,machine,70,1,0,machine,elem70_stand.png,,
800071,machine_elem71,8,machine,71,1,0,machine,elem71_stand.png,,
800072,machine_elem72,8,machine,72,1,0,machine,elem72_stand.png,,
800073,machine_elem73,8,machine,73,1,0,machine,elem73_stand.png,,
800074,machine_elem74,8,machine,74,1,0,machine,elem74_stand.png,,
800075,machine_elem75,8,machine,75,1,0,machine,elem75_stand.png,,
800076,machine_elem76,8,machine,76,1,0,machine,elem76_stand.png,,
800077,machine_elem77,8,machine,77,1,0,machine,elem77_stand.png,,
800078,machine_elem78,8,machine,78,1,0,machine,elem78_stand.png,,
800079,machine_elem79,8,machine,79,1,0,machine,elem79_stand.png,,
900001,match_elem1,9,match,1,1,0,match,elem1_stand.png,,
900002,match_elem2,9,match,2,3,0,match,elem2_stand.png,elem2_die.gif,
900003,match_elem3,9,match,3,3,0,match,elem3_stand.png,elem3_die.gif,
900004,match_elem4,9,match,4,1,0,match,elem4_stand.png,,
900005,match_elem5,9,match,5,1,0,match,elem5_stand.png,,
900006,match_elem6,9,match,6,1,0,match,elem6_stand.png,,
900007,match_elem7,9,match,7,1,0,match,elem7_stand.png,,
900008,match_elem8,9,match,8,1,0,match,elem8_stand.png,,
900009,match_elem9,9,match,9,1,0,match,elem9_stand.png,,
1000001,mine_elem1,10,mine,1,1,0,mine,elem1_stand.png,,
1000002,mine_elem2,10,mine,2,1,0,mine,elem2_stand.png,,
1000003,mine_elem3,10,mine,3,1,0,mine,elem3_stand.png,,
1000004,mine_elem4,10,mine,4,3,0,mine,elem4_stand.png,elem4_die.gif,
1000005,mine_elem5,10,mine,5,1,0,mine,elem5_stand.png,,
1000006,mine_elem6,10,mine,6,3,0,mine,elem6_stand.png,elem6_die.gif,
1000007,mine_elem7,10,mine,7,1,0,mine,elem7_stand.png,,
1000008,mine_elem8,10,mine,8,3,0,mine,elem8_stand.png,elem8_die.gif,
1000009,mine_elem9,10,mine,9,1,0,mine,elem9_stand.png,,
1000010,mine_elem10,10,mine,10,1,0,mine,elem10_stand.png,,
1000011,mine_elem11,10,mine,11,1,0,mine,elem11_stand.png,,
1000012,mine_elem12,10,mine,12,3,0,mine,elem12_stand.png,elem12_die.gif,
1000013,mine_elem13,10,mine,13,1,0,mine,elem13_stand.png,,
1000014,mine_elem14,10,mine,14,1,0,mine,elem14_stand.png,,
1000015,mine_elem15,10,mine,15,1,0,mine,elem15_stand.png,,
1000016,mine_elem16,10,mine,16,1,0,mine,elem16_stand.png,,
1000017,mine_elem17,10,mine,17,1,0,mine,elem17_stand.png,,
1000018,mine_elem18,10,mine,18,1,0,mine,elem18_stand.png,,
1000019,mine_elem19,10,mine,19,1,0,mine,elem19_stand.png,,
1000020,mine_elem20,10,mine,20,1,0,mine,elem20_stand.png,,
1000021,mine_elem21,10,mine,21,1,0,mine,elem21_stand.png,,
1000022,mine_elem22,10,mine,22,1,0,mine,elem22_stand.png,,
1000023,mine_elem23,10,mine,23,1,0,mine,elem23_stand.png,,
1000024,mine_elem24,10,mine,24,1,0,mine,elem24_stand.png,,
1000025,mine_elem25,10,mine,25,1,0,mine,elem25_stand.png,,
1000026,mine_elem26,10,mine,26,1,0,mine,elem26_stand.png,,
1000027,mine_elem27,10,mine,27,3,0,mine,elem27_stand.png,elem27_die.gif,
1000028,mine_elem28,10,mine,28,1,0,mine,elem28_stand.png,,
1000029,mine_elem29,10,mine,29,1,0,mine,elem29_stand.png,,
1000030,mine_elem30,10,mine,30,1,0,mine,elem30_stand.png,,
1000031,mine_elem31,10,mine,31,1,0,mine,elem31_stand.png,,
1000032,mine_elem32,10,mine,32,1,0,mine,elem32_stand.png,,
1000033,mine_elem33,10,mine,33,1,0,mine,elem33_stand.png,,
1000034,mine_elem34,10,mine,34,1,0,mine,elem34_stand.png,,
1000035,mine_elem35,10,mine,35,1,0,mine,elem35_stand.png,,
1000036,mine_elem36,10,mine,36,1,0,mine,elem36_stand.png,,
1000037,mine_elem37,10,mine,37,1,0,mine,elem37_stand.png,,
1000038,mine_elem38,10,mine,38,1,0,mine,elem38_stand.png,,
1000039,mine_elem39,10,mine,39,1,0,mine,elem39_stand.png,,
1000040,mine_elem40,10,mine,40,1,0,mine,elem40_stand.png,,
1000041,mine_elem41,10,mine,41,1,0,mine,elem41_stand.png,,
1000042,mine_elem42,10,mine,42,1,0,mine,elem42_stand.png,,
1000043,mine_elem43,10,mine,43,1,0,mine,elem43_stand.png,,
1000044,mine_elem44,10,mine,44,1,0,mine,elem44_stand.png,,
1000045,mine_elem45,10,mine,45,1,0,mine,elem45_stand.png,,
1000046,mine_elem46,10,mine,46,1,0,mine,elem46_stand.png,,
1000047,mine_elem47,10,mine,47,1,0,mine,elem47_stand.png,,
1000048,mine_elem48,10,mine,48,1,0,mine,elem48_stand.png,,
1000049,mine_elem49,10,mine,49,1,0,mine,elem49_stand.png,,
1000050,mine_elem50,10,mine,50,1,0,mine,elem50_stand.png,,
1000051,mine_elem51,10,mine,51,1,0,mine,elem51_stand.png,,
1000052,mine_elem52,10,mine,52,1,0,mine,elem52_stand.png,,
1000053,mine_elem53,10,mine,53,1,0,mine,elem53_stand.png,,
1000054,mine_elem54,10,mine,54,1,0,mine,elem54_stand.png,,
1000055,mine_elem55,10,mine,55,1,0,mine,elem55_stand.png,,
1000056,mine_elem56,10,mine,56,1,0,mine,elem56_stand.png,,
1000057,mine_elem57,10,mine,57,1,0,mine,elem57_stand.png,,
1000058,mine_elem58,10,mine,58,1,0,mine,elem58_stand.png,,
1000059,mine_elem59,10,mine,59,1,0,mine,elem59_stand.png,,
1000060,mine_elem60,10,mine,60,1,0,mine,elem60_stand.png,,
1000070,mine_elem70,10,mine,70,1,0,mine,elem70_stand.png,,
1000071,mine_elem71,10,mine,71,1,0,mine,elem71_stand.png,,
1000072,mine_elem72,10,mine,72,1,0,mine,elem72_stand.png,,
1000073,mine_elem73,10,mine,73,1,0,mine,elem73_stand.png,,
1000074,mine_elem74,10,mine,74,1,0,mine,elem74_stand.png,,
1000075,mine_elem75,10,mine,75,1,0,mine,elem75_stand.png,,
1000076,mine_elem76,10,mine,76,1,0,mine,elem76_stand.png,,
1000077,mine_elem77,10,mine,77,1,0,mine,elem77_stand.png,,
1000078,mine_elem78,10,mine,78,1,0,mine,elem78_stand.png,,
1000079,mine_elem79,10,mine,79,1,0,mine,elem79_stand.png,,
1000080,mine_elem80,10,mine,80,1,0,mine,elem80_stand.png,,
1000081,mine_elem81,10,mine,81,1,0,mine,elem81_stand.png,,
1000082,mine_elem82,10,mine,82,1,0,mine,elem82_stand.png,,
1000083,mine_elem83,10,mine,83,1,0,mine,elem83_stand.png,,
1000084,mine_elem84,10,mine,84,1,0,mine,elem84_stand.png,,
1100001,pig_elem1,11,pig,1,1,0,pig,elem1_stand.png,,
1100002,pig_elem2,11,pig,2,1,0,pig,elem2_stand.png,,
1100003,pig_elem3,11,pig,3,1,0,pig,elem3_stand.png,,
1100004,pig_elem4,11,pig,4,1,0,pig,elem4_stand.png,,
1100005,pig_elem5,11,pig,5,1,0,pig,elem5_stand.png,,
1100006,pig_elem6,11,pig,6,1,0,pig,elem6_stand.png,,
1100007,pig_elem7,11,pig,7,4,0,pig,elem7_stand.gif,,elem7_trigger.gif
1100008,pig_elem8,11,pig,8,4,0,pig,elem8_stand.gif,,elem8_trigger.gif
1100009,pig_elem9,11,pig,9,1,0,pig,elem9_stand.png,,
1100010,pig_elem10,11,pig,10,3,0,pig,elem10_stand.png,elem10_die.gif,
1100011,pig_elem11,11,pig,11,3,0,pig,elem11_stand.png,elem11_die.gif,
1100012,pig_elem12,11,pig,12,3,0,pig,elem12_stand.png,elem12_die.gif,
1100013,pig_elem13,11,pig,13,4,0,pig,elem13_stand.png,,elem13_trigger.gif
1100014,pig_elem14,11,pig,14,1,0,pig,elem14_stand.png,,
1200001,practice_elem1,12,practice,1,1,0,practice,elem1_stand.png,,
1200002,practice_elem2,12,practice,2,3,0,practice,elem2_stand.png,elem2_die.gif,
1200003,practice_elem3,12,practice,3,3,0,practice,elem3_stand.png,elem3_die.gif,
1200004,practice_elem4,12,practice,4,3,0,practice,elem4_stand.png,elem4_die.gif,
1200005,practice_elem5,12,practice,5,1,0,practice,elem5_stand.png,,
1200006,practice_elem6,12,practice,6,1,0,practice,elem6_stand.png,,
1200007,practice_elem7,12,practice,7,1,0,practice,elem7_stand.png,,
1200008,practice_elem8,12,practice,8,1,0,practice,elem8_stand.png,,
1200009,practice_elem9,12,practice,9,1,0,practice,elem9_stand.png,,
1200010,practice_elem10,12,practice,10,4,0,practice,elem10_stand.png,,elem10_trigger.gif
1200011,practice_elem11,12,practice,11,1,0,practice,elem11_stand.png,,
1200012,practice_elem12,12,practice,12,1,0,practice,elem12_stand.png,,
1200013,practice_elem13,12,practice,13,1,0,practice,elem13_stand.png,,
1200014,practice_elem14,12,practice,14,3,0,practice,elem14_stand.png,elem14_die.gif,
1200015,practice_elem15,12,practice,15,1,0,practice,elem15_stand.png,,
1200016,practice_elem16,12,practice,16,1,0,practice,elem16_stand.png,,
1200017,practice_elem17,12,practice,17,3,0,practice,elem17_stand.png,elem17_die.gif,
1200018,practice_elem18,12,practice,18,1,0,practice,elem18_stand.png,,
1200019,practice_elem19,12,practice,19,1,0,practice,elem19_stand.png,,
1200020,practice_elem20,12,practice,20,3,0,practice,elem20_stand.png,elem20_die.gif,
1200021,practice_elem21,12,practice,21,1,0,practice,elem21_stand.png,,
1200023,practice_elem23,12,practice,23,1,0,practice,elem23_stand.png,,
1300002,pve_elem2,13,pve,2,1,0,pve,elem2_stand.png,,
1300003,pve_elem3,13,pve,3,1,0,pve,elem3_stand.png,,
1300004,pve_elem4,13,pve,4,1,0,pve,elem4_stand.png,,
1300005,pve_elem5,13,pve,5,1,0,pve,elem5_stand.png,,
1300006,pve_elem6,13,pve,6,1,0,pve,elem6_stand.png,,
1300007,pve_elem7,13,pve,7,1,0,pve,elem7_stand.png,,
1300008,pve_elem8,13,pve,8,1,0,pve,elem8_stand.png,,
1300009,pve_elem9,13,pve,9,1,0,pve,elem9_stand.png,,
1300020,pve_elem20,13,pve,20,1,0,pve,elem20_stand.png,,
1300021,pve_elem21,13,pve,21,1,0,pve,elem21_stand.png,,
1300022,pve_elem22,13,pve,22,1,0,pve,elem22_stand.png,,
1300023,pve_elem23,13,pve,23,1,0,pve,elem23_stand.png,,
1300024,pve_elem24,13,pve,24,1,0,pve,elem24_stand.png,,
1300025,pve_elem25,13,pve,25,1,0,pve,elem25_stand.png,,
1300026,pve_elem26,13,pve,26,1,0,pve,elem26_stand.png,,
1300027,pve_elem27,13,pve,27,1,0,pve,elem27_stand.png,,
1300028,pve_elem28,13,pve,28,1,0,pve,elem28_stand.png,,
1300101,pve_elem101,13,pve,101,1,0,pve,elem101_stand.png,,
1300102,pve_elem102,13,pve,102,1,0,pve,elem102_stand.png,,
1300103,pve_elem103,13,pve,103,1,0,pve,elem103_stand.png,,
1300104,pve_elem104,13,pve,104,1,0,pve,elem104_stand.png,,
1300105,pve_elem105,13,pve,105,1,0,pve,elem105_stand.png,,
1300106,pve_elem106,13,pve,106,1,0,pve,elem106_stand.png,,
1300107,pve_elem107,13,pve,107,1,0,pve,elem107_stand.png,,
1300108,pve_elem108,13,pve,108,1,0,pve,elem108_stand.png,,
1300109,pve_elem109,13,pve,109,1,0,pve,elem109_stand.png,,
1300111,pve_elem111,13,pve,111,1,0,pve,elem111_stand.png,,
1300112,pve_elem112,13,pve,112,1,0,pve,elem112_stand.png,,
1300120,pve_elem120,13,pve,120,1,0,pve,elem120_stand.png,,
1300121,pve_elem121,13,pve,121,1,0,pve,elem121_stand.png,,
1300122,pve_elem122,13,pve,122,1,0,pve,elem122_stand.png,,
1300201,pve_elem201,13,pve,201,1,0,pve,elem201_stand.png,,
1300202,pve_elem202,13,pve,202,1,0,pve,elem202_stand.png,,
1300203,pve_elem203,13,pve,203,1,0,pve,elem203_stand.png,,
1300204,pve_elem204,13,pve,204,1,0,pve,elem204_stand.png,,
1300205,pve_elem205,13,pve,205,1,0,pve,elem205_stand.png,,
1300206,pve_elem206,13,pve,206,1,0,pve,elem206_stand.png,,
1300207,pve_elem207,13,pve,207,1,0,pve,elem207_stand.png,,
1300208,pve_elem208,13,pve,208,1,0,pve,elem208_stand.png,,
1300209,pve_elem209,13,pve,209,1,0,pve,elem209_stand.png,,
1300210,pve_elem210,13,pve,210,1,0,pve,elem210_stand.png,,
1300211,pve_elem211,13,pve,211,1,0,pve,elem211_stand.png,,
1300212,pve_elem212,13,pve,212,1,0,pve,elem212_stand.png,,
1300213,pve_elem213,13,pve,213,1,0,pve,elem213_stand.png,,
1300214,pve_elem214,13,pve,214,1,0,pve,elem214_stand.png,,
1300215,pve_elem215,13,pve,215,1,0,pve,elem215_stand.png,,
1300216,pve_elem216,13,pve,216,1,0,pve,elem216_stand.png,,
1300217,pve_elem217,13,pve,217,1,0,pve,elem217_stand.png,,
1300218,pve_elem218,13,pve,218,1,0,pve,elem218_stand.png,,
1300219,pve_elem219,13,pve,219,1,0,pve,elem219_stand.png,,
1300220,pve_elem220,13,pve,220,1,0,pve,elem220_stand.png,,
1300221,pve_elem221,13,pve,221,1,0,pve,elem221_stand.png,,
1300222,pve_elem222,13,pve,222,1,0,pve,elem222_stand.png,,
1300223,pve_elem223,13,pve,223,1,0,pve,elem223_stand.png,,
1300224,pve_elem224,13,pve,224,1,0,pve,elem224_stand.png,,
1300225,pve_elem225,13,pve,225,1,0,pve,elem225_stand.png,,
1300226,pve_elem226,13,pve,226,1,0,pve,elem226_stand.png,,
1300227,pve_elem227,13,pve,227,1,0,pve,elem227_stand.png,,
1300228,pve_elem228,13,pve,228,1,0,pve,elem228_stand.png,,
1300229,pve_elem229,13,pve,229,1,0,pve,elem229_stand.png,,
1300230,pve_elem230,13,pve,230,1,0,pve,elem230_stand.png,,
1300231,pve_elem231,13,pve,231,1,0,pve,elem231_stand.png,,
1300232,pve_elem232,13,pve,232,1,0,pve,elem232_stand.png,,
1300233,pve_elem233,13,pve,233,1,0,pve,elem233_stand.png,,
1300234,pve_elem234,13,pve,234,1,0,pve,elem234_stand.png,,
1300235,pve_elem235,13,pve,235,1,0,pve,elem235_stand.png,,
1300236,pve_elem236,13,pve,236,1,0,pve,elem236_stand.png,,
1300237,pve_elem237,13,pve,237,1,0,pve,elem237_stand.png,,
1300238,pve_elem238,13,pve,238,1,0,pve,elem238_stand.png,,
1300239,pve_elem239,13,pve,239,1,0,pve,elem239_stand.png,,
1300240,pve_elem240,13,pve,240,1,0,pve,elem240_stand.png,,
1300241,pve_elem241,13,pve,241,1,0,pve,elem241_stand.png,,
1300242,pve_elem242,13,pve,242,1,0,pve,elem242_stand.png,,
1300243,pve_elem243,13,pve,243,1,0,pve,elem243_stand.png,,
1300244,pve_elem244,13,pve,244,1,0,pve,elem244_stand.png,,
1300245,pve_elem245,13,pve,245,1,0,pve,elem245_stand.png,,
1300246,pve_elem246,13,pve,246,1,0,pve,elem246_stand.png,,
1300247,pve_elem247,13,pve,247,1,0,pve,elem247_stand.png,,
1300248,pve_elem248,13,pve,248,1,0,pve,elem248_stand.png,,
1300249,pve_elem249,13,pve,249,1,0,pve,elem249_stand.png,,
1300250,pve_elem250,13,pve,250,1,0,pve,elem250_stand.png,,
1300251,pve_elem251,13,pve,251,1,0,pve,elem251_stand.png,,
1300252,pve_elem252,13,pve,252,1,0,pve,elem252_stand.png,,
1300253,pve_elem253,13,pve,253,1,0,pve,elem253_stand.png,,
1300254,pve_elem254,13,pve,254,1,0,pve,elem254_stand.png,,
1300255,pve_elem255,13,pve,255,1,0,pve,elem255_stand.png,,
1300256,pve_elem256,13,pve,256,1,0,pve,elem256_stand.png,,
1300257,pve_elem257,13,pve,257,1,0,pve,elem257_stand.png,,
1300258,pve_elem258,13,pve,258,1,0,pve,elem258_stand.png,,
1300259,pve_elem259,13,pve,259,1,0,pve,elem259_stand.png,,
1300260,pve_elem260,13,pve,260,1,0,pve,elem260_stand.png,,
1300261,pve_elem261,13,pve,261,1,0,pve,elem261_stand.png,,
1300262,pve_elem262,13,pve,262,1,0,pve,elem262_stand.png,,
1300263,pve_elem263,13,pve,263,1,0,pve,elem263_stand.png,,
1300264,pve_elem264,13,pve,264,1,0,pve,elem264_stand.png,,
1300265,pve_elem265,13,pve,265,1,0,pve,elem265_stand.png,,
1300266,pve_elem266,13,pve,266,1,0,pve,elem266_stand.png,,
1300267,pve_elem267,13,pve,267,1,0,pve,elem267_stand.png,,
1300268,pve_elem268,13,pve,268,1,0,pve,elem268_stand.png,,
1300269,pve_elem269,13,pve,269,1,0,pve,elem269_stand.png,,
1300270,pve_elem270,13,pve,270,1,0,pve,elem270_stand.png,,
1300271,pve_elem271,13,pve,271,1,0,pve,elem271_stand.png,,
1300272,pve_elem272,13,pve,272,1,0,pve,elem272_stand.png,,
1300273,pve_elem273,13,pve,273,1,0,pve,elem273_stand.png,,
1300401,pve_elem401,13,pve,401,1,0,pve,elem401_stand.png,,
1300402,pve_elem402,13,pve,402,1,0,pve,elem402_stand.png,,
1300403,pve_elem403,13,pve,403,1,0,pve,elem403_stand.png,,
1300404,pve_elem404,13,pve,404,1,0,pve,elem404_stand.png,,
1300405,pve_elem405,13,pve,405,1,0,pve,elem405_stand.png,,
1300406,pve_elem406,13,pve,406,1,0,pve,elem406_stand.png,,
1300407,pve_elem407,13,pve,407,1,0,pve,elem407_stand.png,,
1300408,pve_elem408,13,pve,408,1,0,pve,elem408_stand.png,,
1300409,pve_elem409,13,pve,409,1,0,pve,elem409_stand.png,,
1300410,pve_elem410,13,pve,410,1,0,pve,elem410_stand.png,,
1300411,pve_elem411,13,pve,411,1,0,pve,elem411_stand.png,,
1300412,pve_elem412,13,pve,412,1,0,pve,elem412_stand.png,,
1300413,pve_elem413,13,pve,413,1,0,pve,elem413_stand.png,,
1400001,sculpture_elem1,14,sculpture,1,1,0,sculpture,elem1_stand.png,,
1400002,sculpture_elem2,14,sculpture,2,3,0,sculpture,elem2_stand.png,elem2_die.gif,
1400003,sculpture_elem3,14,sculpture,3,3,0,sculpture,elem3_stand.png,elem3_die.gif,
1400004,sculpture_elem4,14,sculpture,4,3,0,sculpture,elem4_stand.png,elem4_die.gif,
1400005,sculpture_elem5,14,sculpture,5,1,0,sculpture,elem5_stand.png,,
1400006,sculpture_elem6,14,sculpture,6,1,0,sculpture,elem6_stand.png,,
1400007,sculpture_elem7,14,sculpture,7,1,0,sculpture,elem7_stand.png,,
1400008,sculpture_elem8,14,sculpture,8,1,0,sculpture,elem8_stand.png,,
1400009,sculpture_elem9,14,sculpture,9,1,0,sculpture,elem9_stand.png,,
1400010,sculpture_elem10,14,sculpture,10,1,0,sculpture,elem10_stand.png,,
1400011,sculpture_elem11,14,sculpture,11,4,0,sculpture,elem11_stand.png,,elem11_trigger.gif
1400012,sculpture_elem12,14,sculpture,12,4,0,sculpture,elem12_stand.png,,elem12_trigger.gif
1400020,sculpture_elem20,14,sculpture,20,3,0,sculpture,elem20_stand.png,elem20_die.gif,
1400021,sculpture_elem21,14,sculpture,21,3,0,sculpture,elem21_stand.png,elem21_die.gif,
1400022,sculpture_elem22,14,sculpture,22,1,0,sculpture,elem22_stand.png,,
1500001,snow_elem1,15,snow,1,1,0,snow,elem1_stand.png,,
1500002,snow_elem2,15,snow,2,3,0,snow,elem2_stand.png,elem2_die.gif,
1500003,snow_elem3,15,snow,3,3,0,snow,elem3_stand.png,elem3_die.gif,
1500004,snow_elem4,15,snow,4,4,0,snow,elem4_stand.png,,elem4_trigger.gif
1500005,snow_elem5,15,snow,5,4,0,snow,elem5_stand.png,,elem5_trigger.gif
1500006,snow_elem6,15,snow,6,1,0,snow,elem6_stand.png,,
1500007,snow_elem7,15,snow,7,1,0,snow,elem7_stand.png,,
1500008,snow_elem8,15,snow,8,1,0,snow,elem8_stand.png,,
1500011,snow_elem11,15,snow,11,4,0,snow,elem11_stand.png,,elem11_trigger.gif
1500012,snow_elem12,15,snow,12,3,0,snow,elem12_stand.png,elem12_die.gif,
1500013,snow_elem13,15,snow,13,1,0,snow,elem13_stand.png,,
1500014,snow_elem14,15,snow,14,1,0,snow,elem14_stand.png,,
1500015,snow_elem15,15,snow,15,3,0,snow,elem15_stand.png,elem15_die.gif,
1500016,snow_elem16,15,snow,16,1,0,snow,elem16_stand.png,,
1500017,snow_elem17,15,snow,17,1,0,snow,elem17_stand.png,,
1500018,snow_elem18,15,snow,18,1,0,snow,elem18_stand.png,,
1500019,snow_elem19,15,snow,19,1,0,snow,elem19_stand.png,,
1500020,snow_elem20,15,snow,20,1,0,snow,elem20_stand.png,,
1500021,snow_elem21,15,snow,21,1,0,snow,elem21_stand.png,,
1500022,snow_elem22,15,snow,22,1,0,snow,elem22_stand.png,,
1500023,snow_elem23,15,snow,23,1,0,snow,elem23_stand.png,,
1500024,snow_elem24,15,snow,24,1,0,snow,elem24_stand.png,,
1500025,snow_elem25,15,snow,25,1,0,snow,elem25_stand.png,,
1500026,snow_elem26,15,snow,26,1,0,snow,elem26_stand.png,,
1500027,snow_elem27,15,snow,27,1,0,snow,elem27_stand.png,,
1500028,snow_elem28,15,snow,28,1,0,snow,elem28_stand.png,,
1500029,snow_elem29,15,snow,29,1,0,snow,elem29_stand.png,,
1500030,snow_elem30,15,snow,30,1,0,snow,elem30_stand.png,,
1500031,snow_elem31,15,snow,31,1,0,snow,elem31_stand.png,,
1500032,snow_elem32,15,snow,32,1,0,snow,elem32_stand.png,,
1500033,snow_elem33,15,snow,33,1,0,snow,elem33_stand.png,,
1500034,snow_elem34,15,snow,34,1,0,snow,elem34_stand.png,,
1500035,snow_elem35,15,snow,35,1,0,snow,elem35_stand.png,,
1500036,snow_elem36,15,snow,36,1,0,snow,elem36_stand.png,,
1500037,snow_elem37,15,snow,37,1,0,snow,elem37_stand.png,,
1500038,snow_elem38,15,snow,38,1,0,snow,elem38_stand.png,,
1500039,snow_elem39,15,snow,39,1,0,snow,elem39_stand.png,,
1500040,snow_elem40,15,snow,40,1,0,snow,elem40_stand.png,,
1500041,snow_elem41,15,snow,41,1,0,snow,elem41_stand.png,,
1500042,snow_elem42,15,snow,42,1,0,snow,elem42_stand.png,,
1500043,snow_elem43,15,snow,43,1,0,snow,elem43_stand.png,,
1500044,snow_elem44,15,snow,44,1,0,snow,elem44_stand.png,,
1500045,snow_elem45,15,snow,45,1,0,snow,elem45_stand.png,,
1500046,snow_elem46,15,snow,46,1,0,snow,elem46_stand.png,,
1500047,snow_elem47,15,snow,47,1,0,snow,elem47_stand.png,,
1500048,snow_elem48,15,snow,48,1,0,snow,elem48_stand.png,,
1500049,snow_elem49,15,snow,49,1,0,snow,elem49_stand.png,,
1600030,tank_elem30,16,tank,30,1,0,tank,elem30_stand.png,,
1600031,tank_elem31,16,tank,31,1,0,tank,elem31_stand.png,,
1600032,tank_elem32,16,tank,32,4,0,tank,elem32_stand.png,,elem32_trigger.gif
1600033,tank_elem33,16,tank,33,3,0,tank,elem33_stand.png,elem33_die.gif,
1600034,tank_elem34,16,tank,34,3,0,tank,elem34_stand.png,elem34_die.gif,
1600035,tank_elem35,16,tank,35,1,0,tank,elem35_stand.png,,
1600036,tank_elem36,16,tank,36,1,0,tank,elem36_stand.png,,
1600037,tank_elem37,16,tank,37,1,0,tank,elem37_stand.png,,
1600038,tank_elem38,16,tank,38,3,0,tank,elem38_stand.png,elem38_die.gif,
1600039,tank_elem39,16,tank,39,1,0,tank,elem39_stand.png,,
1600040,tank_elem40,16,tank,40,1,0,tank,elem40_stand.png,,
1600041,tank_elem41,16,tank,41,3,0,tank,elem41_stand.png,elem41_die.gif,
1600042,tank_elem42,16,tank,42,3,0,tank,elem42_stand.png,elem42_die.gif,
1600043,tank_elem43,16,tank,43,3,0,tank,elem43_stand.png,elem43_die.gif,
1600044,tank_elem44,16,tank,44,4,0,tank,elem44_stand.png,,elem44_trigger.gif
1600045,tank_elem45,16,tank,45,1,0,tank,elem45_stand.png,,
1600046,tank_elem46,16,tank,46,1,0,tank,elem46_stand.png,,
1600047,tank_elem47,16,tank,47,1,0,tank,elem47_stand.png,,
1600048,tank_elem48,16,tank,48,1,0,tank,elem48_stand.png,,
1600049,tank_elem49,16,tank,49,1,0,tank,elem49_stand.png,,
1600050,tank_elem50,16,tank,50,1,0,tank,elem50_stand.png,,
1600051,tank_elem51,16,tank,51,1,0,tank,elem51_stand.png,,
1600052,tank_elem52,16,tank,52,1,0,tank,elem52_stand.png,,
1600053,tank_elem53,16,tank,53,1,0,tank,elem53_stand.png,,
1600054,tank_elem54,16,tank,54,1,0,tank,elem54_stand.png,,
1700001,town_elem1,17,town,1,1,0,town,elem1_stand.png,,
1700002,town_elem2,17,town,2,1,0,town,elem2_stand.png,,
1700003,town_elem3,17,town,3,1,0,town,elem3_stand.png,,
1700004,town_elem4,17,town,4,3,0,town,elem4_stand.png,elem4_die.gif,
1700005,town_elem5,17,town,5,4,0,town,elem5_stand.png,,elem5_trigger.gif
1700006,town_elem6,17,town,6,1,0,town,elem6_stand.png,,
1700007,town_elem7,17,town,7,1,0,town,elem7_stand.png,,
1700008,town_elem8,17,town,8,1,0,town,elem8_stand.png,,
1700009,town_elem9,17,town,9,1,0,town,elem9_stand.png,,
1700010,town_elem10,17,town,10,1,0,town,elem10_stand.png,,
1700011,town_elem11,17,town,11,1,0,town,elem11_stand.png,,
1700012,town_elem12,17,town,12,1,0,town,elem12_stand.png,,
1700013,town_elem13,17,town,13,1,0,town,elem13_stand.png,,
1700014,town_elem14,17,town,14,3,0,town,elem14_stand.png,elem14_die.gif,
1700015,town_elem15,17,town,15,3,0,town,elem15_stand.png,elem15_die.gif,
1700017,town_elem17,17,town,17,3,0,town,elem17_stand.png,elem17_die.gif,
1700018,town_elem18,17,town,18,3,0,town,elem18_stand.png,elem18_die.gif,
1700019,town_elem19,17,town,19,1,0,town,elem19_stand.png,,
1700020,town_elem20,17,town,20,1,0,town,elem20_stand.png,,
1700022,town_elem22,17,town,22,1,0,town,elem22_stand.png,,
1700023,town_elem23,17,town,23,1,0,town,elem23_stand.png,,
1700024,town_elem24,17,town,24,1,0,town,elem24_stand.png,,
1700025,town_elem25,17,town,25,1,0,town,elem25_stand.png,,
1700026,town_elem26,17,town,26,1,0,town,elem26_stand.png,,
1700050,town_elem50,17,town,50,2,0,town,elem50_stand.gif,,
1700051,town_elem51,17,town,51,2,0,town,elem51_stand.gif,,
1700052,town_elem52,17,town,52,1,0,town,elem52_stand.png,,
1700053,town_elem53,17,town,53,1,0,town,elem53_stand.png,,
1700054,town_elem54,17,town,54,3,0,town,elem54_stand.png,elem54_die.gif,
1700055,town_elem55,17,town,55,3,0,town,elem55_stand.png,elem55_die.gif,
1700056,town_elem56,17,town,56,3,0,town,elem56_stand.png,elem56_die.gif,
1700057,town_elem57,17,town,57,1,0,town,elem57_stand.png,,
1700058,town_elem58,17,town,58,1,0,town,elem58_stand.png,,
1700059,town_elem59,17,town,59,1,0,town,elem59_stand.png,,
1700060,town_elem60,17,town,60,1,0,town,elem60_stand.png,,
1700061,town_elem61,17,town,61,1,0,town,elem61_stand.png,,
1700120,town_elem120,17,town,120,1,0,town,elem120_stand.png,,
1700121,town_elem121,17,town,121,1,0,town,elem121_stand.png,,
1700122,town_elem122,17,town,122,1,0,town,elem122_stand.png,,
1800001,treasure_elem1,18,treasure,1,1,0,treasure,elem1_stand.png,,
1800002,treasure_elem2,18,treasure,2,1,0,treasure,elem2_stand.png,,
1800003,treasure_elem3,18,treasure,3,1,0,treasure,elem3_stand.png,,
1800004,treasure_elem4,18,treasure,4,1,0,treasure,elem4_stand.png,,
1800005,treasure_elem5,18,treasure,5,3,0,treasure,elem5_stand.png,elem5_die.gif,
1800006,treasure_elem6,18,treasure,6,2,0,treasure,elem6_stand.gif,,
1800007,treasure_elem7,18,treasure,7,3,0,treasure,elem7_stand.png,elem7_die.gif,
1800008,treasure_elem8,18,treasure,8,3,0,treasure,elem8_stand.png,elem8_die.gif,
1800009,treasure_elem9,18,treasure,9,1,0,treasure,elem9_stand.png,,
1800010,treasure_elem10,18,treasure,10,1,0,treasure,elem10_stand.png,,
1800011,treasure_elem11,18,treasure,11,1,0,treasure,elem11_stand.png,,
1800012,treasure_elem12,18,treasure,12,1,0,treasure,elem12_stand.png,,
1800013,treasure_elem13,18,treasure,13,1,0,treasure,elem13_stand.png,,
1800014,treasure_elem14,18,treasure,14,4,0,treasure,elem14_stand.png,,elem14_trigger.gif
1800015,treasure_elem15,18,treasure,15,1,0,treasure,elem15_stand.png,,
1800016,treasure_elem16,18,treasure,16,1,0,treasure,elem16_stand.png,,
1800017,treasure_elem17,18,treasure,17,1,0,treasure,elem17_stand.png,,
1900001,water_elem1,19,water,1,1,0,water,elem1_stand.png,,
1900002,water_elem2,19,water,2,3,0,water,elem2_stand.png,elem2_die.gif,
1900003,water_elem3,19,water,3,3,0,water,elem3_stand.png,elem3_die.gif,
1900004,water_elem4,19,water,4,3,0,water,elem4_stand.png,elem4_die.gif,
1900005,water_elem5,19,water,5,1,0,water,elem5_stand.png,,
1900006,water_elem6,19,water,6,1,0,water,elem6_stand.png,,
1900007,water_elem7,19,water,7,1,0,water,elem7_stand.png,,
1900008,water_elem8,19,water,8,1,0,water,elem8_stand.png,,
1900009,water_elem9,19,water,9,1,0,water,elem9_stand.png,,
1900010,water_elem10,19,water,10,4,0,water,elem10_stand.png,,elem10_trigger.gif
1900011,water_elem11,19,water,11,1,0,water,elem11_stand.png,,
1900012,water_elem12,19,water,12,1,0,water,elem12_stand.png,,
1900013,water_elem13,19,water,13,1,0,water,elem13_stand.png,,
1900014,water_elem14,19,water,14,3,0,water,elem14_stand.png,elem14_die.gif,
1900015,water_elem15,19,water,15,1,0,water,elem15_stand.png,,
1900016,water_elem16,19,water,16,1,0,water,elem16_stand.png,,
1900017,water_elem17,19,water,17,3,0,water,elem17_stand.png,elem17_die.gif,
1900018,water_elem18,19,water,18,1,0,water,elem18_stand.png,,
1900019,water_elem19,19,water,19,1,0,water,elem19_stand.png,,
1900020,water_elem20,19,water,20,4,0,water,elem20_stand.png,,elem20_trigger.gif
1900021,water_elem21,19,water,21,4,0,water,elem21_stand.png,,elem21_trigger.gif
1900022,water_elem22,19,water,22,4,0,water,elem22_stand.png,,elem22_trigger.gif
1900023,water_elem23,19,water,23,4,0,water,elem23_stand.png,,elem23_trigger.gif
1900024,water_elem24,19,water,24,3,0,water,elem24_stand.png,elem24_die.gif,
1900025,water_elem25,19,water,25,3,0,water,elem25_stand.png,elem25_die.gif,
1900026,water_elem26,19,water,26,3,0,water,elem26_stand.png,elem26_die.gif,
1900027,water_elem27,19,water,27,1,0,water,elem27_stand.png,,
1900028,water_elem28,19,water,28,1,0,water,elem28_stand.png,,
1900029,water_elem29,19,water,29,3,0,water,elem29_stand.png,elem29_die.gif,
1900030,water_elem30,19,water,30,1,0,water,elem30_stand.png,,
1900034,water_elem34,19,water,34,4,0,water,elem34_stand.png,,elem34_trigger.gif
1900035,water_elem35,19,water,35,1,0,water,elem35_stand.png,,
1900036,water_elem36,19,water,36,1,0,water,elem36_stand.png,,
1900037,water_elem37,19,water,37,1,0,water,elem37_stand.png,,
